# Bluetooth SIG Assigned Numbers, as sdrtop's signal::ble::assigned
# reads them. Generated by packaging/update-sig.sh; do not edit by
# hand. KIND<TAB>NUMBER<TAB>NAME: C a company identifier, S a 16-bit
# service UUID, the number in hex.
# fetched 2026-09-22
# source https://bitbucket.org/bluetooth-SIG/public company_identifiers.yaml rows 4035 sha256 7e9b9ce18e6a4fc9681856f1c224994843ca9273a223e74295c21624ec1d8bc5
# source https://bitbucket.org/bluetooth-SIG/public service_uuids.yaml rows 76 sha256 401d8e0962d2586dc2526e9ecedef40803c6e09b689767a526e86caa783c3166
C	0000	Ericsson AB
C	0001	Nokia Mobile Phones
C	0002	Intel Corp.
C	0003	IBM Corp.
C	0004	Toshiba Corp.
C	0005	3Com
C	0006	Microsoft
C	0007	Lucent
C	0008	Motorola
C	0009	Infineon Technologies AG
C	000A	Qualcomm Technologies International, Ltd. (QTIL)
C	000B	Silicon Wave
C	000C	Digianswer A/S
C	000D	Texas Instruments Inc.
C	000E	Parthus Technologies Inc.
C	000F	Broadcom Corporation
C	0010	Mitel Semiconductor
C	0011	Widcomm, Inc.
C	0012	Zeevo, Inc.
C	0013	Atmel Corporation
C	0014	Mitsubishi Electric Corporation
C	0015	RTX A/S
C	0016	KC Technology Inc.
C	0017	Newlogic
C	0018	Transilica, Inc.
C	0019	Rohde & Schwarz GmbH & Co. KG
C	001A	TTPCom Limited
C	001B	Signia Technologies, Inc.
C	001C	Conexant Systems Inc.
C	001D	Qualcomm
C	001E	Inventel
C	001F	AVM Berlin
C	0020	BandSpeed, Inc.
C	0021	Mansella Ltd
C	0022	NEC Corporation
C	0023	WavePlus Technology Co., Ltd.
C	0024	Alcatel
C	0025	NXP B.V.
C	0026	C Technologies
C	0027	Open Interface
C	0028	R F Micro Devices
C	0029	Hitachi Ltd
C	002A	Symbol Technologies, Inc.
C	002B	Tenovis
C	002C	Macronix International Co. Ltd.
C	002D	GCT Semiconductor
C	002E	Norwood Systems
C	002F	MewTel Technology Inc.
C	0030	ST Microelectronics
C	0031	Synopsys, Inc.
C	0032	Red-M (Communications) Ltd
C	0033	Commil Ltd
C	0034	Computer Access Technology Corporation (CATC)
C	0036	Renesas Electronics Corporation
C	0037	Mobilian Corporation
C	0038	Syntronix Corporation
C	0039	Integrated System Solution Corp.
C	003A	Panasonic Holdings Corporation
C	003B	Gennum Corporation
C	003C	BlackBerry Limited
C	003D	IPextreme, Inc.
C	003E	Systems and Chips, Inc
C	003F	Bluetooth SIG, Inc
C	0040	Seiko Epson Corporation
C	0041	Integrated Silicon Solution Taiwan, Inc.
C	0042	CONWISE Technology Corporation Ltd
C	0043	PARROT AUTOMOTIVE SAS
C	0044	Socket Mobile
C	0045	Atheros Communications, Inc.
C	0046	MediaTek, Inc.
C	0047	Bluegiga
C	0048	Marvell Technology Group Ltd.
C	0049	3DSP Corporation
C	004A	Accel Semiconductor Ltd.
C	004B	AUMOVIO Systems, Inc.
C	004C	Apple, Inc.
C	004D	Staccato Communications, Inc.
C	004E	Avago Technologies
C	004F	APT Ltd.
C	0050	SiRF Technology, Inc.
C	0051	Tzero Technologies, Inc.
C	0052	J&M Corporation
C	0053	Free2move AB
C	0054	3DiJoy Corporation
C	0055	Plantronics, Inc.
C	0056	Sony Ericsson Mobile Communications
C	0057	Harman International Industries, Inc.
C	0058	Vizio, Inc.
C	0059	Nordic Semiconductor ASA
C	005A	EM Microelectronic-Marin SA
C	005B	Ralink Technology Corporation
C	005C	Belkin International, Inc.
C	005D	Realtek Semiconductor Corporation
C	005E	Stonestreet One, LLC
C	005F	Wicentric, Inc.
C	0060	RivieraWaves S.A.S
C	0061	RDA Microelectronics
C	0062	Gibson Guitars
C	0063	MiCommand Inc.
C	0064	Band XI International, LLC
C	0065	HP, Inc.
C	0067	GN Hearing
C	0068	General Motors
C	0069	A&D Engineering, Inc.
C	006A	LTM Limited
C	006B	Polar Electro OY
C	006C	Beautiful Enterprise Co., Ltd.
C	006E	Summit Data Communications, Inc.
C	006F	Sound ID
C	0070	Monster, LLC
C	0071	connectBlue AB
C	0072	ShangHai Super Smart Electronics Co. Ltd.
C	0073	Group Sense Ltd.
C	0074	Zomm, LLC
C	0075	Samsung Electronics Co. Ltd.
C	0076	Creative Technology Ltd.
C	0077	Laird Connectivity LLC
C	0078	Nike, Inc.
C	0079	lesswire AG
C	007A	MStar Semiconductor, Inc.
C	007B	Hanlynn Technologies
C	007D	Seers Technology Co., Ltd.
C	007F	Autonet Mobile
C	0080	DeLorme Publishing Company, Inc.
C	0081	WuXi Vimicro
C	0082	DSEA A/S
C	0083	TimeKeeping Systems, Inc.
C	0084	Ludus Helsinki Ltd.
C	0085	BlueRadios, Inc.
C	0086	Equinux AG
C	0087	Garmin International, Inc.
C	0089	GN Hearing A/S
C	008A	Jawbone
C	008B	Topcon Positioning Systems, LLC
C	008C	Gimbal Inc.
C	008D	Zscan Software
C	008E	Quintic Corp
C	008F	Telit Wireless Solutions GmbH
C	0090	Funai Electric Co., Ltd.
C	0091	Advanced PANMOBIL systems GmbH & Co. KG
C	0092	ThinkOptics, Inc.
C	0093	Universal Electronics, Inc.
C	0094	Airoha Technology Corp.
C	0095	NEC Lighting, Ltd.
C	0096	ODM Technology, Inc.
C	0097	ConnecteDevice Ltd.
C	0098	zero1.tv GmbH
C	0099	i.Tech Dynamic Global Distribution Ltd.
C	009A	Alpwise
C	009B	Jiangsu Toppower Automotive Electronics Co., Ltd.
C	009C	Colorfy, Inc.
C	009D	Geoforce Inc.
C	009E	Bose Corporation
C	009F	Suunto Oy
C	00A0	Kensington Computer Products Group
C	00A1	SR-Medizinelektronik
C	00A2	Vertu Corporation Limited
C	00A3	Meta Watch Ltd.
C	00A4	LINAK A/S
C	00A5	OTL Dynamics LLC
C	00A6	Panda Ocean Inc.
C	00A7	Visteon Corporation
C	00A8	ARP Devices Limited
C	00A9	MARELLI EUROPE S.P.A.
C	00AA	CAEN RFID srl
C	00AB	Ingenieur-Systemgruppe Zahn GmbH
C	00AC	Green Throttle Games
C	00AD	Peter Systemtechnik GmbH
C	00AE	Omegawave Oy
C	00AF	Cinetix
C	00B0	Passif Semiconductor Corp
C	00B1	Saris Cycling Group, Inc
C	00B2	Bekey A/S
C	00B3	Clarinox Technologies Pty. Ltd.
C	00B4	BDE Technology Co., Ltd.
C	00B5	Swirl Networks
C	00B6	Meso international
C	00B7	TreLab Ltd
C	00B8	Qualcomm Innovation Center, Inc. (QuIC)
C	00B9	Johnson Controls, Inc.
C	00BA	Starkey Hearing Technologies
C	00BB	S-Power Electronics Limited
C	00BC	Ace Sensor Inc
C	00BD	Aplix Corporation
C	00BE	AAMP of America
C	00BF	Stalmart Technology Limited
C	00C0	AMICCOM Electronics Corporation
C	00C1	Shenzhen Excelsecu Data Technology Co.,Ltd
C	00C2	Geneq Inc.
C	00C3	adidas AG
C	00C4	LG Electronics
C	00C5	Onset Computer Corporation
C	00C6	Selfly BV
C	00C7	Quuppa Oy.
C	00C8	GeLo Inc
C	00C9	Evluma
C	00CA	MC10
C	00CB	Binauric SE
C	00CC	Beats Electronics
C	00CD	Microchip Technology Inc.
C	00CE	Eve Systems GmbH
C	00CF	ARCHOS SA
C	00D0	Dexcom, Inc.
C	00D1	Polar Electro Europe B.V.
C	00D2	Renesas Design Netherlands B.V.
C	00D3	Taixingbang Technology (HK) Co,. LTD.
C	00D5	Austco Communication Systems
C	00D6	Timex Group USA, Inc.
C	00D7	Qualcomm Technologies, Inc.
C	00D8	Qualcomm Connected Experiences, Inc.
C	00D9	Voyetra Turtle Beach
C	00DA	txtr GmbH
C	00DB	Snuza (Pty) Ltd
C	00DC	Procter & Gamble
C	00DD	Hosiden Corporation
C	00DE	Muzik LLC
C	00DF	Misfit Wearables Corp
C	00E0	Google
C	00E1	Danlers Ltd
C	00E2	Semilink Inc
C	00E3	inMusic Brands, Inc
C	00E4	L.S. Research, Inc.
C	00E5	Eden Software Consultants Ltd.
C	00E7	KS Technologies
C	00E8	ACTS Technologies
C	00E9	Vtrack Systems
C	00EA	Nielsen-Kellerman
C	00EB	Server Technology Inc.
C	00EC	BioResearch Associates
C	00ED	Jolly Logic, LLC
C	00EE	Above Average Outcomes, Inc.
C	00EF	Bitsplitters GmbH
C	00F0	PayPal, Inc.
C	00F1	Witron Technology Limited
C	00F2	Morse Project Inc.
C	00F3	Kent Displays Inc.
C	00F4	Nautilus Inc.
C	00F5	Smartifier Oy
C	00F7	VSN Technologies, Inc.
C	00F8	AceUni Corp., Ltd.
C	00FA	Crystal Alarm AB
C	00FB	KOUKAAM a.s.
C	00FC	Delphi Corporation
C	00FD	ValenceTech Limited
C	00FE	Stanley Black and Decker
C	00FF	Typo Products, LLC
C	0100	TomTom International BV
C	0101	Fugoo, Inc.
C	0102	Keiser Corporation
C	0103	Bang & Olufsen A/S
C	0104	PLUS Location Systems Pty Ltd
C	0105	Ubiquitous Computing Technology Corporation
C	0106	Innovative Yachtter Solutions
C	0107	Demant A/S
C	0108	Chicony Electronics Co., Ltd.
C	0109	Atus BV
C	010A	Codegate Ltd
C	010B	ERi, Inc
C	010C	Transducers Direct, LLC
C	010D	DENSO TEN Limited
C	010E	Audi AG
C	010F	HiSilicon Technologies CO., LIMITED
C	0110	Nippon Seiki Co., Ltd.
C	0111	Steelseries ApS
C	0112	Visybl Inc.
C	0113	Openbrain Technologies, Co., Ltd.
C	0115	e.solutions
C	0116	10AK Technologies
C	0117	Wimoto Technologies Inc
C	0118	Radius Networks, Inc.
C	011A	Qualcomm Labs, Inc.
C	011B	Hewlett Packard Enterprise
C	011C	Baidu
C	011D	Arendi AG
C	011E	Skoda Auto a.s.
C	011F	Volkswagen AG
C	0120	Porsche AG
C	0121	Sino Wealth Electronic Ltd.
C	0122	AirTurn, Inc.
C	0123	Kinsa, Inc
C	0124	HID Global
C	0125	SEAT es
C	0126	Promethean Ltd.
C	0127	Salutica Allied Solutions
C	0128	GPSI Group Pty Ltd
C	0129	Nimble Devices Oy
C	012A	Changzhou Yongse Infotech Co., Ltd.
C	012B	SportIQ
C	012C	TEMEC Instruments B.V.
C	012D	Sony Corporation
C	012E	ASSA ABLOY
C	012F	Clarion Co. Inc.
C	0130	Warehouse Innovations
C	0131	Cypress Semiconductor
C	0132	MADS Inc
C	0133	Blue Maestro Limited
C	0134	Resolution Products, Ltd.
C	0135	Aireware LLC
C	0136	Silvair, Inc.
C	0137	Prestigio Plaza Ltd.
C	0138	NTEO Inc.
C	0139	Focus Systems Corporation
C	013A	Tencent Holdings Ltd.
C	013B	Allegion
C	013C	Murata Manufacturing Co., Ltd.
C	013D	WirelessWERX
C	013E	Nod, Inc.
C	0140	Alpine Electronics (China) Co., Ltd
C	0141	FedEx Services
C	0142	Grape Systems Inc.
C	0143	Bkon Connect
C	0144	Lintech GmbH
C	0145	Novatel Wireless
C	0146	Ciright
C	0147	Mighty Cast, Inc.
C	0148	Ambimat Electronics
C	0149	Perytons Ltd.
C	014A	Tivoli Audio, LLC
C	014B	Master Lock
C	014C	Mesh-Net Ltd
C	014D	HUIZHOU DESAY SV AUTOMOTIVE CO., LTD.
C	014E	Tangerine, Inc.
C	014F	B&W Group Ltd.
C	0150	Pioneer Corporation
C	0151	OnBeep
C	0152	Vernier Software & Technology
C	0153	ROL Ergo
C	0154	Pebble Technology
C	0155	NETATMO
C	0156	Accumulate AB
C	0157	Anhui Huami Information Technology Co., Ltd.
C	0158	Inmite s.r.o.
C	0159	ChefSteps, Inc.
C	015A	micas AG
C	015B	Biomedical Research Ltd.
C	015C	Pitius Tec S.L.
C	015D	Estimote, Inc.
C	015E	Unikey Technologies, Inc.
C	015F	Timer Cap Co.
C	0160	AwoX
C	0161	yikes
C	0162	MADSGlobalNZ Ltd.
C	0163	PCH International
C	0164	Qingdao Yeelink Information Technology Co., Ltd.
C	0165	Milwaukee Electric Tools
C	0166	MISHIK Pte Ltd
C	0167	Ascensia Diabetes Care US Inc.
C	0168	Spicebox LLC
C	0169	emberlight
C	016A	Copeland Cold Chain LP
C	016B	Qblinks
C	016C	MYSPHERA
C	016D	LifeScan Inc
C	016E	Volantic AB
C	016F	Podo Labs, Inc
C	0170	Roche Diabetes Care AG
C	0171	Amazon.com Services LLC
C	0172	Connovate Technology Private Limited
C	0173	Kocomojo, LLC
C	0174	Everykey Inc.
C	0175	Dynamic Controls
C	0176	SentriLock
C	0177	I-SYST inc.
C	0178	CASIO COMPUTER CO., LTD.
C	0179	LAPIS Semiconductor Co.,Ltd
C	017A	Telemonitor, Inc.
C	017B	taskit GmbH
C	017C	Mercedes-Benz Group AG
C	017D	BatAndCat
C	017E	BluDotz Ltd
C	017F	XTel Wireless ApS
C	0180	Gigaset Technologies GmbH
C	0181	Gecko Health Innovations, Inc.
C	0183	Walt Disney
C	0184	Nectar
C	0187	Seraphim Sense Ltd
C	0188	Unico RBC
C	0189	Physical Enterprises Inc.
C	018A	Able Trend Technology Limited
C	018B	Konica Minolta, Inc.
C	018C	Wilo SE
C	018D	Extron Design Services
C	018E	Google LLC
C	0190	Intelletto Technologies Inc.
C	0191	FDK CORPORATION
C	0192	Cloudleaf, Inc
C	0193	Maveric Automation LLC
C	0194	Acoustic Stream Corporation
C	0195	Zuli
C	0196	Paxton Access Ltd
C	0197	WiSilica Inc.
C	0198	VENGIT Korlatolt Felelossegu Tarsasag
C	0199	SALTO SYSTEMS S.L.
C	019A	TRON Forum
C	019B	CUBETECH s.r.o.
C	019C	Cokiya Incorporated
C	019D	CVS Health
C	019E	Ceruus
C	019F	Strainstall Ltd
C	01A0	Channel Enterprises (HK) Ltd.
C	01A1	FIAMM
C	01A2	GIGALANE.CO.,LTD
C	01A4	MSA Innovation, LLC
C	01A5	Icon Health and Fitness
C	01A6	Wille Engineering
C	01A7	ENERGOUS CORPORATION
C	01A8	Taobao
C	01A9	Canon Inc.
C	01AA	Geophysical Technology Inc.
C	01AB	Meta Platforms, Inc.
C	01AC	Trividia Health, Inc.
C	01AD	FlightSafety International
C	01AF	Sunrise Micro Devices, Inc.
C	01B0	Star Micronics Co., Ltd.
C	01B1	Netizens Sp. z o.o.
C	01B2	Nymi Inc.
C	01B3	Nytec, Inc.
C	01B4	Trineo Sp. z o.o.
C	01B5	Nest Labs Inc.
C	01B6	LM Technologies Ltd
C	01B7	General Electric Company
C	01B8	i+D3 S.L.
C	01B9	HANA Micron
C	01BA	SPIA Cycling Inc.
C	01BB	Cochlear Bone Anchored Solutions AB
C	01BC	SenionLab AB
C	01BD	Syszone Co., Ltd
C	01BE	Pulsate Mobile Ltd.
C	01BF	Hongkong OnMicro Electronics Limited
C	01C1	BRADATECH Corp.
C	01C2	Transenergooil AG
C	01C4	DME Microelectronics
C	01C5	Bitcraze AB
C	01C6	HASWARE Inc.
C	01C7	Abiogenix Inc.
C	01C8	Poly-Control ApS
C	01C9	Avi-on
C	01CA	Laerdal Medical AS
C	01CB	Fetch My Pet
C	01CC	Sam Labs Ltd.
C	01CD	Chengdu Synwing Technology Ltd
C	01CE	HOUWA SYSTEM DESIGN, k.k.
C	01CF	BSH
C	01D0	Primus Inter Pares Ltd
C	01D1	August Home, Inc
C	01D2	Gill Electronics
C	01D3	Sky Wave Design
C	01D4	Newlab S.r.l.
C	01D5	ELAD srl
C	01D6	G-wearables inc.
C	01D8	Code Corporation
C	01D9	Savant Systems LLC
C	01DA	Logitech International SA
C	01DB	Innblue Consulting
C	01DD	Koninklijke Philips N.V.
C	01DE	Minelab Electronics Pty Limited
C	01DF	Bison Group Ltd.
C	01E0	WS Audiology Denmark A/S
C	01E1	Jolla Ltd
C	01E3	Caterpillar Inc
C	01E4	Freedom Innovations
C	01E5	Dynamic Devices Ltd
C	01E6	Technology Solutions (UK) Ltd
C	01EA	Advanced Application Design, Inc.
C	01EC	Spreadtrum Communications Shanghai Ltd
C	01EE	Valeo Service
C	01EF	Fullpower Technologies, Inc.
C	01F0	KloudNation
C	01F1	Zebra Technologies Corporation
C	01F2	Itron, Inc.
C	01F3	The University of Tokyo
C	01F4	UTC Fire and Security
C	01F5	Cool Webthings Limited
C	01F6	DJO Global
C	01F7	Gelliner Limited
C	01F8	Anyka (Guangzhou) Microelectronics Technology Co, LTD
C	01F9	Medtronic Inc.
C	01FA	Gozio Inc.
C	01FB	Form Lifting, LLC
C	01FC	Wahoo Fitness, LLC
C	01FD	Kontakt Micro-Location Sp. z o.o.
C	01FE	Radio Systems Corporation
C	01FF	Freescale Semiconductor, Inc.
C	0200	Verifone Systems Pte Ltd. Taiwan Branch
C	0201	AR Timing
C	0202	Rigado LLC
C	0203	Kemppi Oy
C	0206	Otter Products, LLC
C	0207	STEMP Inc.
C	0208	LumiGeek LLC
C	0209	InvisionHeart Inc.
C	020A	Macnica Inc.
C	020B	Jaguar Land Rover Limited
C	020C	CoroWare Technologies, Inc
C	020E	Omron Healthcare Co., LTD
C	020F	Comodule GMBH
C	0210	ikeGPS
C	0211	Telink Semiconductor Co. Ltd
C	0212	Interplan Co., Ltd
C	0213	Wyler AG
C	0214	IK Multimedia Production srl
C	0215	Lukoton Experience Oy
C	0216	MTI Ltd
C	0217	Tech4home, Lda
C	0219	DOTT Limited
C	021A	Blue Speck Labs, LLC
C	021B	Cisco Systems, Inc
C	021C	Mobicomm Inc
C	021D	Edamic
C	021E	Goodnet, Ltd
C	021F	Luster Leaf Products Inc
C	0220	Manus Machina BV
C	0221	Mobiquity Networks Inc
C	0222	Praxis Dynamics
C	0223	Philip Morris Products S.A.
C	0224	Comarch SA
C	0225	Nestlé Nespresso S.A.
C	0226	Merlinia A/S
C	0227	LifeBEAM Technologies
C	0228	Twocanoes Labs, LLC
C	0229	Muoverti Limited
C	022A	Stamer Musikanlagen GMBH
C	022B	Tesla, Inc.
C	022C	Pharynks Corporation
C	022D	Lupine
C	022E	Siemens AG
C	0230	Foster Electric Company, Ltd
C	0231	ETA SA
C	0232	x-Senso Solutions Kft
C	0234	FengFan (BeiJing) Technology Co, Ltd
C	0235	Qrio Inc
C	0236	Pitpatpet Ltd
C	0237	MSHeli s.r.l.
C	0238	Trakm8 Ltd
C	0239	JIN CO, Ltd
C	023A	Alatech Tehnology
C	023B	Beijing CarePulse Electronic Technology Co, Ltd
C	023D	ViCentra B.V.
C	023E	Raven Industries
C	023F	WaveWare Technologies Inc.
C	0240	Argenox Technologies
C	0241	Bragi GmbH
C	0243	Masimo Corp
C	0244	Iotera Inc
C	0245	Endress+Hauser
C	0246	ACKme Networks, Inc.
C	0247	FiftyThree Inc.
C	0248	Parker Hannifin Corp
C	024A	Uwatec AG
C	024B	Orlan LLC
C	024C	Blue Clover Devices
C	024D	M-Way Solutions GmbH
C	024E	Microtronics Engineering GmbH
C	024F	Schneider Schreibgeräte GmbH
C	0250	Sapphire Circuits LLC
C	0251	Lumo Bodytech Inc.
C	0252	Restar Corporation
C	0253	Xicato Inc.
C	0254	Playbrush
C	0255	Dai Nippon Printing Co., Ltd.
C	0256	G24 Power Limited
C	0257	AdBabble Local Commerce Inc.
C	0258	Devialet SA
C	0259	ALTYOR
C	025A	University of Applied Sciences Valais/Haute Ecole Valaisanne
C	025B	Five Interactive, LLC dba Zendo
C	025C	NetEase（Hangzhou）Network co.Ltd.
C	025D	Lexmark International Inc.
C	025E	Fluke Corporation
C	025F	Yardarm Technologies
C	0261	SECVRE GmbH
C	0262	Glacial Ridge Technologies
C	0264	DDS, Inc.
C	0265	SMK Corporation
C	0266	Schawbel Technologies LLC
C	0267	XMI Systems SA
C	0268	Cerevo
C	0269	Torrox GmbH & Co KG
C	026A	Gemalto
C	026B	DEKA Research & Development Corp.
C	026C	Domster Tadeusz Szydlowski
C	026D	Technogym SPA
C	026E	FLEURBAEY BVBA
C	026F	Aptcode Solutions
C	0270	LSI ADL Technology
C	0271	Animas Corp
C	0272	Alps Alpine Co., Ltd.
C	0273	OCEASOFT
C	0274	Motsai Research
C	0275	Geotab
C	0276	E.G.O. Elektro-Geraetebau GmbH
C	0277	bewhere inc
C	0278	Johnson Outdoors Inc
C	0279	steute Schaltgerate GmbH & Co. KG
C	027A	Ekomini inc.
C	027B	DEFA AS
C	027C	Aseptika Ltd
C	027D	HUAWEI Technologies Co., Ltd.
C	027E	HabitAware, LLC
C	027F	ruwido austria gmbh
C	0280	ITEC corporation
C	0281	StoneL
C	0282	Sonova AG
C	0283	Maven Machines, Inc.
C	0284	Synapse Electronics
C	0285	WOWTech Canada Ltd.
C	0286	RF Code, Inc.
C	0287	Wally Ventures S.L.
C	0289	SK Telecom
C	028A	Jetro AS
C	028B	Code Gears LTD
C	028C	NANOLINK APS
C	028E	RF Digital Corp
C	028F	Church & Dwight Co., Inc
C	0290	Multibit Oy
C	0291	CliniCloud Inc
C	0293	Blue Bite
C	0294	ELIAS GmbH
C	0295	Sivantos GmbH
C	0296	Petzl
C	0297	storm power ltd
C	0298	EISST Ltd
C	0299	Inexess Technology Simma KG
C	029A	Currant, Inc.
C	029B	C2 Development, Inc.
C	029C	Blue Sky Scientific, LLC
C	029D	ALOTTAZS LABS, LLC
C	029E	Kupson spol. s r.o.
C	029F	Areus Engineering GmbH
C	02A0	Impossible Camera GmbH
C	02A2	Sera4 Ltd.
C	02A3	Itude
C	02A4	Pacific Lock Company
C	02A5	Tendyron Corporation
C	02A6	Robert Bosch GmbH
C	02A7	Illuxtron international B.V.
C	02A8	miSport Ltd.
C	02A9	Chargelib
C	02AA	Doppler Lab
C	02AB	BBPOS Limited
C	02AD	Rx Networks, Inc.
C	02AE	WeatherFlow, Inc.
C	02AF	Technicolor USA Inc.
C	02B0	Bestechnic(Shanghai),Ltd
C	02B1	Raden Inc
C	02B2	Oura Health Oy
C	02B3	CLABER S.P.A.
C	02B4	Hyginex, Inc.
C	02B5	HANSHIN ELECTRIC RAILWAY CO.,LTD.
C	02B6	Schneider Electric
C	02B7	Oort Technologies LLC
C	02B8	Chrono Therapeutics
C	02B9	Rinnai Corporation
C	02BA	Swissprime Technologies AG
C	02BB	YOKOWO CO., LTD.
C	02BC	Genevac Ltd
C	02BD	Chemtronics
C	02BE	Seguro Technology Sp. z o.o.
C	02C0	Dash Robotics
C	02C1	LINE Corporation
C	02C2	Guillemot Corporation
C	02C3	Techtronic Power Tools Technology Limited
C	02C4	Wilson Sporting Goods
C	02C5	Lenovo (Singapore) Pte Ltd.
C	02C6	Ayatan Sensors
C	02C7	Electronics Tomorrow Limited
C	02C8	OneSpan
C	02C9	PayRange Inc.
C	02CA	ABOV Semiconductor
C	02CB	AINA-Wireless Inc.
C	02CD	BMA ergonomics b.v.
C	02CE	Teva Branded Pharmaceutical Products R&D, Inc.
C	02CF	Anima
C	02D0	3M
C	02D1	Empatica Srl
C	02D2	Afero, Inc.
C	02D3	Powercast Corporation
C	02D4	Secuyou ApS
C	02D5	OMRON Corporation
C	02D6	Send Solutions
C	02D7	NIPPON SYSTEMWARE CO.,LTD.
C	02D8	Neosfar
C	02D9	Fliegl Agrartechnik GmbH
C	02DA	Gilvader
C	02DB	Digi International Inc (R)
C	02DC	DeWalch Technologies, Inc.
C	02DD	Flint Rehabilitation Devices, LLC
C	02DE	Samsung SDS Co., Ltd.
C	02DF	Blur Product Development
C	02E0	University of Michigan
C	02E1	Victron Energy BV
C	02E2	NTT docomo
C	02E3	Carmanah Technologies Corp.
C	02E4	Bytestorm Ltd.
C	02E5	Espressif Systems (Shanghai) Co., Ltd.
C	02E6	Unwire
C	02E7	Connected Yard, Inc.
C	02E8	American Music Environments
C	02E9	Sensogram Technologies, Inc.
C	02EA	Fujitsu Limited
C	02EB	Ardic Technology
C	02ED	HTC Corporation
C	02EE	Citizen Holdings Co., Ltd.
C	02EF	SMART-INNOVATION.inc
C	02F0	Blackrat Software
C	02F1	The Idea Cave, LLC
C	02F2	GoPro, Inc.
C	02F3	AuthAir, Inc
C	02F4	Vensi, Inc.
C	02F5	Indagem Tech LLC
C	02F6	Intemo Technologies
C	02F8	Runteq Oy Ltd
C	02F9	IMAGINATION TECHNOLOGIES LTD
C	02FB	Clarius Mobile Health Corp.
C	02FC	Shanghai Frequen Microelectronics Co., Ltd.
C	02FE	Lierda Science & Technology Group Co., Ltd.
C	02FF	Silicon Laboratories
C	0300	World Moto Inc.
C	0301	Giatec Scientific Inc.
C	0302	Loop Devices, Inc
C	0303	IACA electronique
C	0304	Oura Health Ltd
C	0305	Swipp ApS
C	0306	Life Laboratory Inc.
C	0307	FUJI INDUSTRIAL CO.,LTD.
C	0308	Surefire, LLC
C	0309	Dolby Labs
C	030A	Ellisys
C	030B	Magnitude Lighting Converters
C	030C	Hilti AG
C	030D	Devdata S.r.l.
C	030F	Shortcut Labs
C	0310	SGL Italia S.r.l.
C	0311	PEEQ DATA
C	0312	Ducere Technologies Pvt Ltd
C	0313	DiveNav, Inc.
C	0314	RIIG AI Sp. z o.o.
C	0315	Thermo Fisher Scientific
C	0316	AG Measurematics Pvt. Ltd.
C	0317	CHUO Electronics CO., LTD.
C	0318	Aspenta International
C	0319	Eugster Frismag AG
C	031A	Wurth Elektronik eiSos GmbH & Co. KG
C	031B	HQ Inc
C	031C	Lab Sensor Solutions
C	031D	Enterlab ApS
C	031E	Eyefi, Inc.
C	031F	MetaSystem S.p.A.
C	0320	SONO ELECTRONICS. CO., LTD
C	0323	Rotor Bike Components
C	0324	Astro, Inc.
C	0326	Healthwear Technologies (Changzhou)Ltd
C	0327	Essex Electronics
C	0328	Grundfos A/S
C	0329	Eargo, Inc.
C	032A	Electronic Design Lab
C	032B	ESYLUX
C	032C	NIPPON SMT.CO.,Ltd
C	032D	BM innovations GmbH
C	032E	indoormap
C	032F	OttoQ Inc
C	0330	North Pole Engineering
C	0331	3flares Technologies Inc.
C	0333	Mul-T-Lock
C	0334	Airthings ASA
C	0335	Enlighted Inc
C	0336	GISTIC
C	0337	AJP2 Holdings, LLC
C	0338	COBI GmbH
C	0339	Blue Sky Scientific, LLC
C	033A	Appception, Inc.
C	033B	Courtney Thorne Limited
C	033D	TPV Technology Limited
C	033E	Monitra SA
C	033F	Automation Components, Inc.
C	0341	Etesian Technologies LLC
C	0342	GERTEC BRASIL LTDA.
C	0343	Drekker Development Pty. Ltd.
C	0344	Whirl Inc
C	0345	Locus Positioning
C	0346	Acuity Brands Lighting, Inc
C	0347	Prevent Biometrics
C	0349	VersaMe
C	034B	Libratone A/S
C	034C	HM Electronics, Inc.
C	034D	TASER International, Inc.
C	034F	Heartland Payment Systems
C	0350	Bitstrata Systems Inc.
C	0351	Pieps GmbH
C	0352	iRiding(Xiamen)Technology Co.,Ltd.
C	0353	Alpha Audiotronics, Inc.
C	0354	TOPPAN, Inc.
C	0355	Sigma Designs, Inc.
C	0356	Spectrum Brands, Inc.
C	0357	Polymap Wireless
C	0358	MagniWare Ltd.
C	0359	Novotec Medical GmbH
C	035A	Phillips-Medisize A/S
C	035B	Matrix Inc.
C	035C	Eaton Corporation
C	035D	KYS
C	035E	Naya Health, Inc.
C	035F	Acromag
C	0360	Insulet Corporation
C	0361	Wellinks Inc.
C	0362	ON Semiconductor
C	0363	FREELAP SA
C	0364	Favero Electronics Srl
C	0365	BioMech Sensor LLC
C	0366	BOLTT Sports technologies Private limited
C	0368	Metormote AB
C	0369	littleBits
C	036A	SetPoint Medical
C	036B	BRControls Products BV
C	036C	Zipcar
C	036D	AirBolt Pty Ltd
C	036E	MOTIVE TECHNOLOGIES, INC.
C	036F	Motiv, Inc.
C	0370	Wazombi Labs OÜ
C	0372	Nixie Labs, Inc.
C	0373	AppNearMe Ltd
C	0374	Holman Industries
C	0375	Expain AS
C	0376	Electronic Temperature Instruments Ltd
C	0377	Plejd AB
C	0378	Propeller Health
C	0379	Shenzhen iMCO Electronic Technology Co.,Ltd
C	037A	Algoria
C	037B	Apption Labs Inc.
C	037C	Cronologics Corporation
C	037D	MICRODIA Ltd.
C	037E	lulabytes S.L.
C	037F	Société des Produits Nestlé S.A.
C	0380	LLC "MEGA-F service"
C	0381	Sharp Corporation
C	0382	Precision Outcomes Ltd
C	0383	Kronos Incorporated
C	0385	Embedded Electronic Solutions Ltd. dba e2Solutions
C	0386	Aterica Inc.
C	0387	BluStor PMC, Inc.
C	0388	Kapsch TrafficCom AB
C	0389	ActiveBlu Corporation
C	038A	Kohler Mira Limited
C	038B	Noke
C	038C	Appion Inc.
C	038D	Resmed Ltd
C	038E	Crownstone B.V.
C	038F	Xiaomi Inc.
C	0390	INFOTECH s.r.o.
C	0391	Thingsquare AB
C	0392	T&D
C	0393	LAVAZZA S.p.A.
C	0395	SDATAWAY
C	0396	BLOKS GmbH
C	0397	LEGO System A/S
C	0398	Thetatronics Ltd
C	0399	Nikon Corporation
C	039A	NeST
C	039B	South Silicon Valley Microelectronics
C	039C	ALE International
C	039D	CareView Communications, Inc.
C	039E	SchoolBoard Limited
C	039F	Molex Corporation
C	03A0	IVT Wireless Limited
C	03A1	Alpine Labs LLC
C	03A2	Candura Instruments
C	03A3	SmartMovt Technology Co., Ltd
C	03A4	Token Zero Ltd
C	03A5	ACE CAD Enterprise Co., Ltd. (ACECAD)
C	03A6	Medela, Inc
C	03A7	AeroScout
C	03A8	Esrille Inc.
C	03AA	Exon Sp. z o.o.
C	03AB	Meizu Technology Co., Ltd.
C	03AD	XiQ
C	03AE	Allswell Inc.
C	03AF	Comm-N-Sense Corp DBA Verigo
C	03B0	VIBRADORM GmbH
C	03B1	Otodata Wireless Network Inc.
C	03B2	Propagation Systems Limited
C	03B3	Midwest Instruments & Controls
C	03B4	Alpha Nodus, inc.
C	03B5	petPOMM, Inc
C	03B6	Mattel
C	03B7	Airbly Inc.
C	03B8	A-Safe Limited
C	03B9	FREDERIQUE CONSTANT SA
C	03BA	Maxscend Microelectronics Company Limited
C	03BB	Abbott
C	03BC	ASB Bank Ltd
C	03BD	amadas
C	03BE	Applied Science, Inc.
C	03BF	iLumi Solutions Inc.
C	03C0	Arch Systems Inc.
C	03C1	Ember Technologies, Inc.
C	03C2	Snapchat Inc
C	03C3	Casambi Technologies Oy
C	03C4	Pico Technology Inc.
C	03C5	Abbott Medical
C	03C6	Intricon
C	03C7	Structural Health Systems, Inc.
C	03C8	Avvel International
C	03C9	Gallagher Group
C	03CA	In2things Automation Pvt. Ltd.
C	03CB	SYSDEV Srl
C	03CC	Vonkil Technologies Ltd
C	03CD	Wynd Technologies, Inc.
C	03CE	CONTRINEX S.A.
C	03CF	MIRA, Inc.
C	03D0	Watteam Ltd
C	03D1	Density Inc.
C	03D2	IOT Pot India Private Limited
C	03D3	Sigma Connectivity AB
C	03D4	PEG PEREGO SPA
C	03D5	Wyzelink Systems Inc.
C	03D6	Yota Devices LTD
C	03D7	FINSECUR
C	03D8	Zen-Me Labs Ltd
C	03D9	3IWare Co., Ltd.
C	03DA	EnOcean GmbH
C	03DB	Instabeat, Inc
C	03DC	Nima Labs
C	03DD	Andreas Stihl AG & Co. KG
C	03DE	Nathan Rhoades LLC
C	03DF	Grob Technologies, LLC
C	03E0	Actions Technology Co.,Ltd
C	03E1	SPD Development Company Ltd
C	03E2	Sensoan Oy
C	03E3	Qualcomm Life Inc
C	03E4	Chip-ing AG
C	03E5	ffly4u
C	03E6	IoT Instruments Oy
C	03E7	TRUE Fitness Technology
C	03E9	SHENZHEN LEMONJOY TECHNOLOGY CO., LTD.
C	03EA	Hello Inc.
C	03EB	Ozo Edu, Inc.
C	03EC	Jigowatts Inc.
C	03ED	BASIC MICRO.COM,INC.
C	03EE	CUBE TECHNOLOGIES
C	03F0	CLINK
C	03F1	Hestan Smart Cooking Inc.
C	03F2	WindowMaster A/S
C	03F4	PAL Technologies Ltd
C	03F5	WHERE, Inc.
C	03F6	Iton Technology Corp.
C	03F7	Owl Labs Inc.
C	03F8	Rockford Corp.
C	03F9	Becon Technologies Co.,Ltd.
C	03FA	Vyassoft Technologies Inc
C	03FB	Nox Medical
C	03FC	Kimberly-Clark
C	03FD	Trimble Inc.
C	03FE	Littelfuse
C	03FF	Withings
C	0400	i-developer IT Beratung UG
C	0401	Relations Inc.
C	0402	Sears Holdings Corporation
C	0403	Gantner Electronic GmbH
C	0404	Authomate Inc
C	0405	Vertex International, Inc.
C	0407	Swiss Audio SA
C	0408	ToGetHome Inc.
C	040A	ZF OPENMATICS s.r.o.
C	040B	Jana Care Inc.
C	040D	NorthStar Battery Company, LLC
C	040E	SKF (U.K.) Limited
C	040F	CO-AX Technology, Inc.
C	0410	Fender Musical Instruments
C	0411	Luidia Inc
C	0412	SEFAM
C	0413	Wireless Cables Inc
C	0416	SODA GmbH
C	0417	Fatigue Science
C	0419	Novalogy LTD
C	041A	Friday Labs Limited
C	041B	OrthoAccel Technologies
C	041C	WaterGuru, Inc.
C	041D	Benning Elektrotechnik und Elektronik GmbH & Co. KG
C	041E	Dell Computer Corporation
C	041F	Kopin Corporation
C	0420	TecBakery GmbH
C	0421	Backbone Labs, Inc.
C	0422	DELSEY SA
C	0423	Chargifi Limited
C	0424	Trainesense Ltd.
C	0425	Unify Software and Solutions GmbH & Co. KG
C	0426	Husqvarna AB
C	0427	Focus fleet and fuel management inc
C	0428	SmallLoop, LLC
C	0429	Prolon Inc.
C	042A	BD Medical
C	042B	iMicroMed Incorporated
C	042C	Ticto N.V.
C	042D	Meshtech AS
C	042E	MemCachier Inc.
C	042F	Danfoss A/S
C	0430	SnapStyk Inc.
C	0431	Alticor Inc.
C	0432	Silk Labs, Inc.
C	0433	Pillsy Inc.
C	0434	Hatch Baby, Inc.
C	0435	Blocks Wearables Ltd.
C	0436	Drayson Technologies (Europe) Limited
C	0437	eBest IOT Inc.
C	0438	Helvar Ltd
C	0439	Radiance Technologies
C	043A	Nuheara Limited
C	043B	Appside co., ltd.
C	043D	Coiler Corporation
C	043E	Thermomedics, Inc.
C	043F	Tentacle Sync GmbH
C	0440	Valencell, Inc.
C	0442	SECOM CO., LTD.
C	0443	Tucker International LLC
C	0444	Metanate Limited
C	0445	Kobian Canada Inc.
C	0446	NETGEAR, Inc.
C	0447	Fabtronics Australia Pty Ltd
C	0448	Grand Centrix GmbH
C	0449	1UP USA.com llc
C	044A	SHIMANO INC.
C	044B	Nain Inc.
C	044C	LifeStyle Lock, LLC
C	044D	VEGA Grieshaber KG
C	044E	Xtrava Inc.
C	044F	TTS Tooltechnic Systems AG & Co. KG
C	0450	Teenage Engineering AB
C	0451	Tunstall Nordic AB
C	0452	Svep Design Center AB
C	0453	Qorvo Utrecht B.V.
C	0454	Sphinx Electronics GmbH & Co KG
C	0456	Nemik Consulting Inc
C	0457	RF INNOVATION
C	0458	Mini Solution Co., Ltd.
C	045A	2048450 Ontario Inc
C	045C	Delta T Corporation
C	045D	Boston Scientific Corporation
C	045E	Nuviz, Inc.
C	045F	Real Time Automation, Inc.
C	0460	Kolibree
C	0461	vhf elektronik GmbH
C	0462	Bonsai Systems GmbH
C	0463	Fathom Systems Inc.
C	0464	Bellman & Symfon Group AB
C	0465	International Forte Group LLC
C	0467	Codenex Oy
C	0468	Kynesim Ltd
C	0469	Palago AB
C	046A	INSIGMA INC.
C	046B	PMD Solutions
C	046C	Qingdao Realtime Technology Co., Ltd.
C	046D	BEGA Gantenbrink-Leuchten KG
C	046E	Pambor Ltd.
C	046F	Develco Products A/S
C	0470	iDesign s.r.l.
C	0471	TiVo Corp
C	0472	Control-J Pty Ltd
C	0473	Steelcase, Inc.
C	0474	iApartment co., ltd.
C	0475	Icom inc.
C	0477	Blue Spark Technologies
C	0478	FarSite Communications Limited
C	0479	mywerk system GmbH
C	047A	Sinosun Technology Co., Ltd.
C	047B	MIYOSHI ELECTRONICS CORPORATION
C	047D	Occly LLC
C	047E	OurHub Dev IvS
C	047F	Pro-Mark, Inc.
C	0481	Quintrax Limited
C	0482	POS Tuning Udo Vosshenrich GmbH & Co. KG
C	0484	Revol Technologies Inc
C	0485	SKIDATA AG
C	0486	DEV TECNOLOGIA INDUSTRIA, COMERCIO E MANUTENCAO DE EQUIPAMENTOS LTDA. - ME
C	0487	Centrica Connected Home
C	0488	Automotive Data Solutions Inc
C	0489	Igarashi Engineering
C	048A	Taelek Oy
C	048C	Vectronix AG
C	048D	S-Labs Sp. z o.o.
C	048E	Companion Medical, Inc.
C	048F	BlueKitchen GmbH
C	0490	Matting AB
C	0491	SOREX - Wireless Solutions GmbH
C	0492	ADC Technology, Inc.
C	0493	Lynxemi Pte Ltd
C	0494	SENNHEISER electronic GmbH & Co. KG
C	0496	Polymorphic Labs LLC
C	0497	Cochlear Limited
C	0498	METER Group, Inc. USA
C	0499	Ruuvi Innovations Ltd.
C	049A	Situne AS
C	049B	nVisti, LLC
C	049C	DyOcean
C	049D	Uhlmann & Zacher GmbH
C	049E	AND!XOR LLC
C	049F	Popper Pay AB
C	04A2	ovrEngineered, LLC
C	04A3	GT-tronics HK Ltd
C	04A4	Herbert Waldmann GmbH & Co. KG
C	04A5	Guangzhou FiiO Electronics Technology Co.,Ltd
C	04A6	Vinetech Co., Ltd
C	04A7	Dallas Logic Corporation
C	04A8	BioTex, Inc.
C	04AA	LINKIO SAS
C	04AB	Harbortronics, Inc.
C	04AC	Undagrid B.V.
C	04AD	Shure Inc
C	04AE	ERM Electronic Systems LTD
C	04AF	BIOROWER Handelsagentur GmbH
C	04B1	Kartographers Technologies Pvt. Ltd.
C	04B2	The Shadow on the Moon
C	04B3	mobike (Hong Kong) Limited
C	04B4	Inuheat Group AB
C	04B5	Swiftronix AB
C	04B6	Diagnoptics Technologies
C	04B7	Analog Devices, Inc.
C	04B8	Soraa Inc.
C	04B9	CSR Building Products Limited
C	04BA	Crestron Electronics, Inc.
C	04BB	Neatebox Ltd
C	04BC	Draegerwerk AG & Co. KGaA
C	04BD	AlbynMedical
C	04BE	Averos FZCO
C	04BF	VIT Initiative, LLC
C	04C0	Statsports International
C	04C1	Sospitas, s.r.o.
C	04C2	Dmet Products Corp.
C	04C3	Mantracourt Electronics Limited
C	04C4	TeAM Hutchins AB
C	04C5	Seibert Williams Glass, LLC
C	04C6	Insta GmbH
C	04C7	Svantek Sp. z o.o.
C	04C8	Shanghai Flyco Electrical Appliance Co., Ltd.
C	04C9	Thornwave Labs Inc
C	04CA	Steiner-Optik GmbH
C	04CB	Novo Nordisk A/S
C	04CD	Safetech Products LLC
C	04CE	GOOOLED S.R.L.
C	04CF	DOM Sicherheitstechnik GmbH & Co. KG
C	04D0	Olympus Corporation
C	04D1	KTS GmbH
C	04D2	Anloq Technologies Inc.
C	04D3	Queercon, Inc
C	04D4	TASKA PROSTHETICS LIMITED
C	04D5	Gooee Limited
C	04D6	LUGLOC LLC
C	04D7	Blincam, Inc.
C	04D8	FUJIFILM Corporation
C	04D9	RM Acquisition LLC
C	04DA	Franceschi Marina snc
C	04DB	Engineered Audio, LLC.
C	04DC	IOTTIVE (OPC) PRIVATE LIMITED
C	04DD	4MOD Technology
C	04DE	Lutron Electronics Co., Inc.
C	04DF	Emerson Electric Co.
C	04E0	Guardtec, Inc.
C	04E1	REACTEC LIMITED
C	04E3	Under Armour
C	04E4	Woodenshark
C	04E5	Avack Oy
C	04E6	Smart Solution Technology, Inc.
C	04E8	STABILO International
C	04E9	Busch Jaeger Elektro GmbH
C	04EA	Pacific Bioscience Laboratories, Inc
C	04EB	Bird Home Automation GmbH
C	04EC	Motorola Solutions
C	04EE	Auxivia
C	04EF	DaisyWorks, Inc
C	04F0	Kosi Limited
C	04F1	Theben AG
C	04F2	InDreamer Techsol Private Limited
C	04F3	Cerevast Medical
C	04F4	ZanCompute Inc.
C	04F5	Pirelli Tyre S.P.A.
C	04F6	McLear Limited
C	04F7	Shenzhen Goodix Technology Co., Ltd
C	04F8	Convergence Systems Limited
C	04F9	Interactio
C	04FA	Androtec GmbH
C	04FB	Benchmark Drives GmbH & Co. KG
C	04FC	SwingLync L. L. C.
C	04FD	Tapkey GmbH
C	04FE	Woosim Systems Inc.
C	04FF	Microsemi Corporation
C	0500	Wiliot LTD.
C	0501	Polaris IND
C	0502	Specifi-Kali LLC
C	0503	Locoroll, Inc
C	0504	PHYPLUS Inc
C	0505	InPlay, Inc.
C	0506	Hager
C	0508	Axes System sp. z o. o.
C	0509	Garage Smart, Inc.
C	050A	Shake-on B.V.
C	050B	Vibrissa Inc.
C	050C	OSRAM GmbH
C	050D	TRSystems GmbH
C	050E	Yichip Microelectronics (Hangzhou) Co.,Ltd.
C	050F	Foundation Engineering LLC
C	0510	UNI-ELECTRONICS, INC.
C	0511	Brookfield Equinox LLC
C	0512	Soprod SA
C	0513	9974091 Canada Inc.
C	0514	FIBRO GmbH
C	0515	RB Controls Co., Ltd.
C	0516	Footmarks
C	0517	Amtronic Sverige AB
C	0518	MAMORIO.inc
C	0519	Tyto Life LLC
C	051A	Leica Camera AG
C	051C	EDPS
C	051D	OFF Line Co., Ltd.
C	051E	Detect Blue Limited
C	051F	Setec Pty Ltd
C	0520	Target Corporation
C	0521	IAI Corporation
C	0522	NS Tech, Inc.
C	0523	MTG Co., Ltd.
C	0524	Hangzhou iMagic Technology Co., Ltd
C	0525	HONGKONG NANO IC TECHNOLOGIES CO., LIMITED
C	0526	Honeywell International Inc.
C	0527	Albrecht JUNG
C	0528	Lunera Lighting Inc.
C	0529	Lumen UAB
C	052A	Keynes Controls Ltd
C	052B	Novartis AG
C	052C	Geosatis SA
C	052D	EXFO, Inc.
C	052E	LEDVANCE GmbH
C	052F	Center ID Corp.
C	0530	Adolene, Inc.
C	0531	D&M Holdings Inc.
C	0532	CRESCO Wireless, Inc.
C	0533	Nura Operations Pty Ltd
C	0534	Frontiergadget, Inc.
C	0535	Smart Component Technologies Limited
C	0536	ZTR Control Systems LLC
C	0537	MetaLogics Corporation
C	0538	Medela AG
C	0539	OPPLE Lighting Co., Ltd
C	053A	Savitech Corp.,
C	053B	prodigy
C	053C	Screenovate Technologies Ltd
C	053D	TESA SA
C	053E	CLIM8 LIMITED
C	053F	Silergy Corp
C	0540	SilverPlus, Inc
C	0541	Sharknet srl
C	0542	Mist Systems, Inc.
C	0543	MIWA LOCK CO.,Ltd
C	0544	OrthoSensor, Inc.
C	0546	Apexar Technologies S.A.
C	0547	LOGICDATA Electronic & Software Entwicklungs GmbH
C	0548	Knick Elektronische Messgeraete GmbH & Co. KG
C	0549	Smart Technologies and Investment Limited
C	054A	Linough Inc.
C	054B	Advanced Electronic Designs, Inc.
C	054C	Carefree Scott Fetzer Co Inc
C	054D	Sensome
C	054E	FORTRONIK storitve d.o.o.
C	054F	Sinnoz
C	0551	Sylero
C	0552	Avempace SARL
C	0553	Nintendo Co., Ltd.
C	0554	National Instruments
C	0555	KROHNE Messtechnik GmbH
C	0556	Otodynamics Ltd
C	0557	Arwin Technology Limited
C	0558	benegear, inc.
C	0559	Newcon Optik
C	055A	CANDY HOUSE, Inc.
C	055B	FRANKLIN TECHNOLOGY INC
C	055C	Lely
C	055D	Valve Corporation
C	055E	Hekatron Vertriebs GmbH
C	055F	PROTECH S.A.S. DI GIRARDI ANDREA & C.
C	0560	Sarita CareTech APS
C	0561	Finder S.p.A.
C	0562	Thalmic Labs Inc.
C	0563	Steinel GmbH
C	0564	Beghelli Spa
C	0566	CORE TRANSPORT TECHNOLOGIES NZ LIMITED
C	0567	Xiamen Everesports Goods Co., Ltd
C	0568	Bodyport Inc.
C	056A	Flipnavi Co.,Ltd.
C	056B	Rion Co., Ltd.
C	056C	Long Range Systems, LLC
C	056D	Redmond Industrial Group LLC
C	056E	VIZPIN INC.
C	056F	BikeFinder AS
C	0570	Consumer Sleep Solutions LLC
C	0571	PSIKICK, INC.
C	0572	AntTail.com
C	0573	Lighting Science Group Corp.
C	0574	AFFORDABLE ELECTRONICS INC
C	0575	Integral Memroy Plc
C	0576	Globalstar, Inc.
C	0577	True Wearables, Inc.
C	0578	Wellington Drive Technologies Ltd
C	057A	OMNI Remotes
C	057B	Duracell U.S. Operations Inc.
C	057C	Toor Technologies LLC
C	057D	Instinct Performance
C	057E	Beco, Inc
C	057F	Scuf Gaming International, LLC
C	0581	LYS TECHNOLOGIES LTD
C	0582	Breakwall Analytics, LLC
C	0583	Code Blue Communications
C	0584	Gira Giersiepen GmbH & Co. KG
C	0585	Hearing Lab Technology
C	0586	LEGRAND
C	0587	Derichs GmbH
C	0588	ALT-TEKNIK LLC
C	0589	Star Technologies
C	058A	START TODAY CO.,LTD.
C	058B	Maxim Integrated Products
C	058C	Fracarro Radioindustrie SRL
C	058D	Jungheinrich Aktiengesellschaft
C	058E	Meta Platforms Technologies, LLC
C	058F	HENDON SEMICONDUCTORS PTY LTD
C	0590	Pur3 Ltd
C	0591	Viasat Group S.p.A.
C	0592	IZITHERM
C	0593	Spaulding Clinical Research
C	0594	Kohler Company
C	0595	Inor Process AB
C	0596	My Smart Blinds
C	0597	RadioPulse Inc
C	0598	rapitag GmbH
C	0599	Lazlo326, LLC.
C	059A	Teledyne Lecroy, Inc.
C	059B	Dataflow Systems Limited
C	059C	Macrogiga Electronics
C	059D	Tandem Diabetes Care
C	059E	Polycom, Inc.
C	059F	Fisher & Paykel Healthcare
C	05A0	Dream Devices Technologies Oy
C	05A1	Shanghai Xiaoyi Technology Co.,Ltd.
C	05A2	ADHERIUM(NZ) LIMITED
C	05A3	Axiomware Systems Incorporated
C	05A4	O. E. M. Controls, Inc.
C	05A5	Kiiroo BV
C	05A6	Telecon Mobile Limited
C	05A7	Sonos Inc
C	05A8	Tom Allebrandi Consulting
C	05A9	Monidor
C	05AA	Tramex Limited
C	05AB	Nofence AS
C	05AC	GoerTek Dynaudio Co., Ltd.
C	05AD	INIA
C	05AE	CARMATE MFG.CO.,LTD
C	05AF	OV LOOP, INC.
C	05B0	NewTec GmbH
C	05B1	Medallion Instrumentation Systems
C	05B2	CAREL INDUSTRIES S.P.A.
C	05B3	Parabit Systems, Inc.
C	05B4	White Horse Scientific ltd
C	05B5	verisilicon
C	05B6	Elecs Industry Co.,Ltd.
C	05B7	Beijing Pinecone Electronics Co.,Ltd.
C	05B8	Ambystoma Labs Inc.
C	05B9	Suzhou Pairlink Network Technology
C	05BA	igloohome
C	05BB	Oxford Metrics plc
C	05BC	Leviton Mfg. Co., Inc.
C	05BD	ULC Robotics Inc.
C	05BF	Real-World-Systems Corporation
C	05C0	Nalu Medical, Inc.
C	05C1	P.I.Engineering
C	05C2	Grote Industries
C	05C3	Runtime, Inc.
C	05C4	Codecoup sp. z o.o. sp. k.
C	05C5	SELVE GmbH & Co. KG
C	05C7	Lippert Components, INC
C	05C8	SOMFY SAS
C	05C9	TBS Electronics B.V.
C	05CA	MHL Custom Inc
C	05CB	LucentWear LLC
C	05CC	WATTS ELECTRONICS
C	05CD	RJ Brands LLC
C	05CE	V-ZUG Ltd
C	05CF	Biowatch SA
C	05D0	Anova Applied Electronics
C	05D1	Lindab AB
C	05D2	frogblue TECHNOLOGY GmbH
C	05D3	Acurable Limited
C	05D4	LAMPLIGHT Co., Ltd.
C	05D5	TEGAM, Inc.
C	05D6	Zhuhai Jieli technology Co.,Ltd
C	05D7	modum.io AG
C	05D8	Farm Jenny LLC
C	05D9	Toyo Electronics Corporation
C	05DA	Applied Neural Research Corp
C	05DB	Avid Identification Systems, Inc.
C	05DC	Petronics Inc.
C	05DD	essentim GmbH
C	05DE	QT Medical INC.
C	05DF	VIRTUALCLINIC.DIRECT LIMITED
C	05E0	Viper Design LLC
C	05E1	Human, Incorporated
C	05E2	stAPPtronics GmbH
C	05E3	Elemental Machines, Inc.
C	05E4	Taiyo Yuden Co., Ltd
C	05E5	INEO ENERGY& SYSTEMS
C	05E6	Motion Instruments Inc.
C	05E7	PressurePro
C	05E8	COWBOY
C	05E9	iconmobile GmbH
C	05EA	ACS-Control-System GmbH
C	05EB	Bayerische Motoren Werke AG
C	05EC	Gycom Svenska AB
C	05ED	Fuji Xerox Co., Ltd
C	05EF	SIKOM AS
C	05F0	beken
C	05F1	The Linux Foundation
C	05F2	Try and E CO.,LTD.
C	05F3	SeeScan
C	05F4	Clearity, LLC
C	05F5	GS TAG
C	05F6	DPTechnics
C	05F7	TRACMO, INC.
C	05F8	Anki Inc.
C	05F9	Hagleitner Hygiene International GmbH
C	05FA	Konami Sports Life Co., Ltd.
C	05FB	Arblet Inc.
C	05FC	Masbando GmbH
C	05FD	Innoseis
C	05FE	Niko nv
C	05FF	Wellnomics Ltd
C	0600	iRobot Corporation
C	0601	Schrader Electronics
C	0602	Geberit International AG
C	0603	Fourth Evolution Inc
C	0605	FMW electronic Futterer u. Maier-Wolf OHG
C	0606	John Deere
C	0607	Rookery Technology Ltd
C	0608	KeySafe-Cloud
C	0609	BUCHI Labortechnik AG
C	060A	IQAir AG
C	060B	Triax Technologies Inc
C	060C	Vuzix Corporation
C	060D	TDK Corporation
C	060E	Blueair AB
C	060F	Signify Netherlands B.V.
C	0610	ADH GUARDIAN USA LLC
C	0611	Beurer GmbH
C	0612	Playfinity AS
C	0613	Hans Dinslage GmbH
C	0614	OnAsset Intelligence, Inc.
C	0615	INTER ACTION Corporation
C	0616	OS42 UG (haftungsbeschraenkt)
C	0618	Audio-Technica Corporation
C	0619	Six Guys Labs, s.r.o.
C	061A	R.W. Beckett Corporation
C	061B	silex technology, inc.
C	061C	Univations Limited
C	061D	SENS Innovation ApS
C	061E	Diamond Kinetics, Inc.
C	061F	Phrame Inc.
C	0620	Forciot Oy
C	0621	Noordung d.o.o.
C	0622	Beam Labs, LLC
C	0624	Biovotion AG
C	0625	Square Panda, Inc.
C	0626	Amplifico
C	0627	WEG S.A.
C	0628	Ensto Oy
C	0629	PHONEPE PVT LTD
C	062B	MinebeaMitsumi Inc.
C	062C	ASPion GmbH
C	062D	Vossloh-Schwabe Deutschland GmbH
C	062E	Procept
C	062F	ONKYO Corporation
C	0630	Asthrea D.O.O.
C	0631	Fortiori Design LLC
C	0632	Hugo Muller GmbH & Co KG
C	0633	Wangi Lai PLT
C	0634	Fanstel Corp
C	0635	Crookwood
C	0636	ELECTRONICA INTEGRAL DE SONIDO S.A.
C	0637	GiP Innovation Tools GmbH
C	0638	LX SOLUTIONS PTY LIMITED
C	0639	Shenzhen Minew Technologies Co., Ltd.
C	063A	Prolojik Limited
C	063B	Kromek Group Plc
C	063C	Contec Medical Systems Co., Ltd.
C	063D	Xradio Technology Co.,Ltd.
C	063E	The Indoor Lab, LLC
C	063F	LDL TECHNOLOGY
C	0640	Dish Network LLC
C	0641	Revenue Collection Systems FRANCE SAS
C	0642	Bluetrum Technology Co.,Ltd
C	0643	makita corporation
C	0644	Apogee Instruments
C	0645	BM3
C	0646	SGV Group Holding GmbH & Co. KG
C	0647	MED-EL
C	0648	Ultune Technologies
C	0649	Ryeex Technology Co.,Ltd.
C	064A	Open Research Institute, Inc.
C	064B	Scale-Tec, Ltd
C	064C	Zumtobel Group AG
C	064D	iLOQ Oy
C	064E	KRUXWorks Technologies Private Limited
C	064F	Digital Matter Pty Ltd
C	0650	Coravin, Inc.
C	0651	Stasis Labs, Inc.
C	0652	ITZ Innovations- und Technologiezentrum GmbH
C	0653	Meggitt SA
C	0654	Ledlenser GmbH & Co. KG
C	0655	Renishaw PLC
C	0656	ZhuHai AdvanPro Technology Company Limited
C	0657	Meshtronix Limited
C	0658	Payex Norge AS
C	0659	UnSeen Technologies Oy
C	065A	Marshall Group AB
C	065B	Sesam Solutions BV
C	065C	PixArt Imaging Inc.
C	065D	Panduit Corp.
C	065E	Alo AB
C	065F	Ricoh Company Ltd
C	0660	RTC Industries, Inc.
C	0661	Mode Lighting Limited
C	0662	Particle Industries, Inc.
C	0663	Advanced Telemetry Systems, Inc.
C	0664	RHA TECHNOLOGIES LTD
C	0665	Pure International Limited
C	0666	WTO Werkzeug-Einrichtungen GmbH
C	0668	Bleb Technology srl
C	0669	Livanova USA, Inc.
C	066A	Brady Worldwide Inc.
C	066B	DewertOkin GmbH
C	066C	Ztove ApS
C	066D	Venso EcoSolutions AB
C	066E	Eurotronik Kranj d.o.o.
C	066F	Hug Technology Ltd
C	0670	Gema Switzerland GmbH
C	0671	Buzz Products Ltd.
C	0672	Kopi
C	0673	Innova Ideas Limited
C	0674	BeSpoon
C	0676	Expai Solutions Private Limited
C	0677	Innovation First, Inc.
C	0678	SABIK Offshore GmbH
C	0679	4iiii Innovations Inc.
C	067A	The Energy Conservatory, Inc.
C	067B	I.FARM, INC.
C	067C	Tile, Inc.
C	067D	Form Athletica Inc.
C	067F	NETGRID S.N.C. DI BISSOLI MATTEO, CAMPOREALE SIMONE, TOGNETTI FEDERICO
C	0680	Mannkind Corporation
C	0681	Trade FIDES a.s.
C	0682	Photron Limited
C	0683	Eltako GmbH
C	0684	Dermalapps, LLC
C	0685	Greenwald Industries
C	0686	inQs Co., Ltd.
C	0687	Cherry GmbH
C	0688	Amsted Digital Solutions Inc.
C	0689	Tacx b.v.
C	068A	Raytac Corporation
C	068B	Jiangsu Teranovo Tech Co., Ltd.
C	068E	Razer Inc.
C	068F	JRM Group Limited
C	0690	Eccrine Systems, Inc.
C	0691	Curie Point AB
C	0692	Georg Fischer AG
C	0693	Hach - Danaher
C	0694	T&A Laboratories LLC
C	0695	Koki Holdings Co., Ltd.
C	0696	Gunakar Private Limited
C	0697	Stemco Products Inc
C	0698	Wood IT Security, LLC
C	0699	RandomLab SAS
C	069A	Adero, Inc.
C	069B	Dragonchip Limited
C	069C	Noomi AB
C	069E	Delta Electronics, Inc.
C	069F	FlowMotion Technologies AS
C	06A0	OBIQ Location Technology Inc.
C	06A1	Cardo Systems, Ltd
C	06A2	Globalworx GmbH
C	06A3	Nymbus, LLC
C	06A4	LIMNO Co. Ltd.
C	06A5	TEKZITEL PTY LTD
C	06A6	Roambee Corporation
C	06A7	Chipsea Technologies (ShenZhen) Corp.
C	06A8	GD Midea Air-Conditioning Equipment Co., Ltd.
C	06A9	Soundmax Electronics Limited
C	06AA	Produal Oy
C	06AB	HMS Industrial Networks AB
C	06AC	Ingchips Technology Co., Ltd.
C	06AD	InnovaSea Systems Inc.
C	06AE	SenseQ Inc.
C	06AF	Shoof Technologies
C	06B0	BRK Brands, Inc.
C	06B1	SimpliSafe, Inc.
C	06B2	Tussock Innovation 2013 Limited
C	06B4	Sencilion Oy
C	06B5	Wabilogic Ltd.
C	06B6	Sociometric Solutions, Inc.
C	06B7	iCOGNIZE GmbH
C	06B8	ShadeCraft, Inc
C	06B9	Beflex Inc.
C	06BA	Beaconzone Ltd
C	06BB	Leaftronix Analogic Solutions Private Limited
C	06BC	TWS Srl
C	06BD	ABB Oy
C	06BE	HitSeed Oy
C	06C0	CAME S.p.A.
C	06C1	Alarm.com Holdings, Inc
C	06C2	Measurlogic Inc.
C	06C3	King I Electronics.Co.,Ltd
C	06C4	Dream Labs GmbH
C	06C5	Urban Compass, Inc
C	06C6	Simm Tronic Limited
C	06C8	Storz & Bickel GmbH & Co. KG
C	06C9	MYLAPS B.V.
C	06CA	Shenzhen Zhongguang Infotech Technology Development Co., Ltd
C	06CB	Dyeware, LLC
C	06CC	Dongguan SmartAction Technology Co.,Ltd.
C	06CD	DIG Corporation
C	06CE	FIOR & GENTZ
C	06D0	Etekcity Corporation
C	06D1	Meyer Sound Laboratories, Incorporated
C	06D2	CeoTronics AG
C	06D5	Sensirion AG
C	06D6	JCT Healthcare Pty Ltd
C	06D7	FUBA Automotive Electronics GmbH
C	06D8	AW Company
C	06D9	Shanghai Mountain View Silicon Co.,Ltd.
C	06DA	Zliide Technologies ApS
C	06DB	Automatic Labs, Inc.
C	06DC	Industrial Network Controls, LLC
C	06DD	Intellithings Ltd.
C	06DE	Navcast, Inc.
C	06DF	HLI Solutions Inc.
C	06E0	Avaya Inc.
C	06E1	Milestone AV Technologies LLC
C	06E2	Alango Technologies Ltd
C	06E3	Spinlock Ltd
C	06E4	Aluna
C	06E5	OPTEX CO.,LTD.
C	06E6	NIHON DENGYO KOUSAKU
C	06E7	VELUX A/S
C	06E8	Almendo Technologies GmbH
C	06E9	Zmartfun Electronics, Inc.
C	06EA	SafeLine Sweden AB
C	06EB	Houston Radar LLC
C	06ED	J Neades Ltd
C	06EF	ALCARE Co., Ltd.
C	06F0	Chargy Technologies, SL
C	06F1	Shibutani Co., Ltd.
C	06F2	Trapper Data AB
C	06F3	Alfred International Inc.
C	06F4	Touché Technology Ltd
C	06F5	Vigil Technologies Inc.
C	06F6	Vitulo Plus BV
C	06F7	WILKA Schliesstechnik GmbH
C	06F8	BodyPlus Technology Co.,Ltd
C	06F9	happybrush GmbH
C	06FA	Enequi AB
C	06FB	Sartorius AG
C	06FC	Tom Communication Industrial Co.,Ltd.
C	06FD	ESS Embedded System Solutions Inc.
C	06FE	Mahr GmbH
C	06FF	Redpine Signals Inc
C	0700	TraqFreq LLC
C	0701	PAFERS TECH
C	0702	Akciju sabiedriba "SAF TEHNIKA"
C	0703	Beijing Jingdong Century Trading Co., Ltd.
C	0704	JBX Designs Inc.
C	0705	AB Electrolux
C	0706	Wernher von Braun Center for ASdvanced Research
C	0707	Essity Hygiene and Health Aktiebolag
C	0708	Be Interactive Co., Ltd
C	0709	Carewear Corp.
C	070B	Element Products, Inc.
C	070C	Beijing Winner Microelectronics Co.,Ltd
C	070D	SmartSnugg Pty Ltd
C	070E	FiveCo Sarl
C	070F	California Things Inc.
C	0710	Audiodo AB
C	0711	ABAX AS
C	0712	Bull Group Company Limited
C	0713	Respiri Limited
C	0714	MindPeace Safety LLC
C	0715	MBARC LABS Inc
C	0716	Altonics
C	0718	IDIBAIX enginneering
C	0719	COREIOT PTY LTD
C	071A	REVSMART WEARABLE HK CO LTD
C	071B	Precor
C	071C	F5 Sports, Inc
C	071D	exoTIC Systems
C	071E	DONGGUAN HELE ELECTRONICS CO., LTD
C	071F	Dongguan Liesheng Electronic Co.Ltd
C	0720	Oculeve, Inc.
C	0721	Clover Network, Inc.
C	0722	Xiamen Eholder Electronics Co.Ltd
C	0723	Ford Motor Company
C	0724	Guangzhou SuperSound Information Technology Co.,Ltd
C	0725	Tedee Sp. z o.o.
C	0726	PHC Corporation
C	0728	Eli Lilly and Company
C	0729	SwaraLink Technologies
C	072A	JMR embedded systems GmbH
C	072B	Bitkey Inc.
C	072C	GWA Hygiene GmbH
C	072D	Safera Oy
C	072E	Open Platform Systems LLC
C	072F	OnePlus Electronics (Shenzhen) Co., Ltd.
C	0730	Wildlife Acoustics, Inc.
C	0731	ABLIC Inc.
C	0732	Dairy Tech, LLC
C	0733	Iguanavation, Inc.
C	0734	DiUS Computing Pty Ltd
C	0735	UpRight Technologies LTD
C	0736	Luna XIO, Inc.
C	0737	LLC Navitek
C	0738	Glass Security Pte Ltd
C	0739	Jiangsu Qinheng Co., Ltd.
C	073A	Chandler Systems Inc.
C	073B	Fantini Cosmi s.p.a.
C	073D	Beijing Hao Heng Tian Tech Co., Ltd.
C	073E	Bluepack S.R.L.
C	073F	Beijing Unisoc Technologies Co., Ltd.
C	0741	MAC SRL
C	0742	DML LLC
C	0743	Sanofi
C	0744	SOCOMEC
C	0745	WIZNOVA, Inc.
C	0746	Seitec Elektronik GmbH
C	0747	OR Technologies Pty Ltd
C	0748	GuangZhou KuGou Computer Technology Co.Ltd
C	0749	DIAODIAO (Beijing) Technology Co., Ltd.
C	074A	Illusory Studios LLC
C	074B	Sarvavid Software Solutions LLP
C	074D	Amtech Systems, LLC
C	074E	EAGLE DETECTION SA
C	074F	MEDIATECH S.R.L.
C	0750	Hamilton Professional Services of Canada Incorporated
C	0751	Changsha JEMO IC Design Co.,Ltd
C	0752	Elatec GmbH
C	0753	JLG Industries, Inc.
C	0754	Michael Parkin
C	0755	Brother Industries, Ltd
C	0756	Lumens For Less, Inc
C	0757	ELA Innovation
C	0758	umanSense AB
C	0759	Shanghai InGeek Cyber Security Co., Ltd.
C	075A	HARMAN CO.,LTD.
C	075B	Smart Sensor Devices AB
C	075C	Antitronics Inc.
C	075D	RHOMBUS SYSTEMS, INC.
C	075E	Katerra Inc.
C	075F	Remote Solution Co., LTD.
C	0760	Vimar SpA
C	0761	Mantis Tech LLC
C	0762	TerOpta Ltd
C	0763	PIKOLIN S.L.
C	0764	WWZN Information Technology Company Limited
C	0765	Voxx International
C	0766	ART AND PROGRAM, INC.
C	0767	NITTO DENKO ASIA TECHNICAL CENTRE PTE. LTD.
C	0768	Peloton Interactive Inc.
C	0769	Force Impact Technologies
C	076A	Dmac Mobile Developments, LLC
C	076B	Engineered Medical Technologies
C	076C	Noodle Technology inc
C	076D	Graesslin GmbH
C	076E	WuQi technologies, Inc.
C	076F	Successful Endeavours Pty Ltd
C	0770	InnoCon Medical ApS
C	0771	Corvex Connected Safety
C	0772	Thirdwayv Inc.
C	0774	C-MAX Asia Limited
C	0775	4eBusiness GmbH
C	0776	Cyber Transport Control GmbH
C	0777	Cue
C	0778	KOAMTAC INC.
C	0779	Loopshore Oy
C	077A	Niruha Systems Private Limited
C	077C	radius co., ltd.
C	077D	Sensority, s.r.o.
C	077E	Sparkage Inc.
C	077F	Glenview Software Corporation
C	0780	Finch Technologies Ltd.
C	0781	Qingping Technology (Beijing) Co., Ltd.
C	0782	DeviceDrive AS
C	0783	ESEMBER LIMITED LIABILITY COMPANY
C	0784	audifon GmbH & Co. KG
C	0785	O2 Micro, Inc.
C	0788	BubblyNet, LLC
C	0789	PCB Piezotronics, Inc.
C	078A	The Wildflower Foundation
C	078B	Optikam Tech Inc.
C	078C	MINIBREW HOLDING B.V
C	078D	Cybex GmbH
C	078E	FUJIMIC NIIGATA, INC.
C	078F	Hanna Instruments, Inc.
C	0790	KOMPAN A/S
C	0791	Scosche Industries, Inc.
C	0792	Cricut, Inc.
C	0793	AEV spol. s r.o.
C	0794	The Coca-Cola Company
C	0795	GASTEC CORPORATION
C	0796	StarLeaf Ltd
C	0797	Water-i.d. GmbH
C	0798	HoloKit, Inc.
C	0799	PlantChoir Inc.
C	079A	GuangDong Oppo Mobile Telecommunications Corp., Ltd.
C	079B	CST ELECTRONICS (PROPRIETARY) LIMITED
C	079C	Sky UK Limited
C	079D	Digibale Pty Ltd
C	079E	Smartloxx GmbH
C	079F	Pune Scientific LLP
C	07A0	Regent Beleuchtungskorper AG
C	07A2	Roku, Inc.
C	07A4	Xiamen Mage Information Technology Co., Ltd.
C	07A5	RAB Lighting, Inc.
C	07A6	Musen Connect, Inc.
C	07A7	Zume, Inc.
C	07A8	conbee GmbH
C	07A9	Bruel & Kjaer Sound & Vibration
C	07AA	The Kroger Co.
C	07AB	Granite River Solutions, Inc.
C	07AC	LoupeDeck Oy
C	07AD	New H3C Technologies Co.,Ltd
C	07AE	Aurea Solucoes Tecnologicas Ltda.
C	07AF	Hong Kong Bouffalo Lab Limited
C	07B0	GV Concepts Inc.
C	07B1	Thomas Dynamics, LLC
C	07B2	Moeco IOT Inc.
C	07B3	2N TELEKOMUNIKACE a.s.
C	07B4	Hormann KG Antriebstechnik
C	07B5	CRONO CHIP, S.L.
C	07B6	Soundbrenner Limited
C	07B7	ETABLISSEMENTS GEORGES RENAULT
C	07B8	iSwip
C	07BA	Battery-Biz Inc.
C	07BB	EPIC S.R.L.
C	07BD	Genedrive Diagnostics Ltd
C	07BE	Axentia Technologies AB
C	07BF	REGULA Ltd.
C	07C0	Biral AG
C	07C2	Radinn AB
C	07C3	CIMTechniques, Inc.
C	07C4	Johnson Health Tech NA
C	07C5	June Life, Inc.
C	07C6	Bluenetics GmbH
C	07C7	iaconicDesign Inc.
C	07C8	WRLDS Creations AB
C	07C9	Skullcandy, Inc.
C	07CB	West Pharmaceutical Services, Inc.
C	07CC	Barnacle Systems Inc.
C	07CD	Smart Wave Technologies Canada Inc
C	07CE	Shanghai Top-Chip Microelectronics Tech. Co., LTD
C	07CF	NeoSensory, Inc.
C	07D0	Hangzhou Tuya Information Technology Co., Ltd
C	07D1	Shanghai Panchip Microelectronics Co., Ltd
C	07D2	React Accessibility Limited
C	07D3	LIVNEX Co.,Ltd.
C	07D4	Kano Computing Limited
C	07D5	hoots classic GmbH
C	07D6	ecobee Inc.
C	07D7	Nanjing Qinheng Microelectronics Co., Ltd
C	07D8	SOLUTIONS AMBRA INC.
C	07D9	Micro-Design, Inc.
C	07DA	STARLITE Co., Ltd.
C	07DB	Remedee Labs
C	07DC	ThingOS GmbH & Co KG
C	07DD	Linear Circuits
C	07DE	Unlimited Engineering SL
C	07DF	Snap-on Incorporated
C	07E0	Edifier International Limited
C	07E2	Alfred Kaercher SE & Co. KG
C	07E3	Airoha Technology Corp.
C	07E4	Geeksme S.L.
C	07E5	Minut, Inc.
C	07E6	Waybeyond Limited
C	07E7	Komfort IQ, Inc.
C	07E8	Packetcraft, Inc.
C	07E9	Häfele GmbH & Co KG
C	07EA	ShapeLog, Inc.
C	07EB	NOVABASE S.R.L.
C	07EC	Frecce LLC
C	07ED	Joule IQ, INC.
C	07EE	KidzTek LLC
C	07EF	Aktiebolaget Sandvik Coromant
C	07F0	e-moola.com Pty Ltd
C	07F1	Zimi Innovations Pty Ltd
C	07F2	SERENE GROUP, INC
C	07F3	DIGISINE ENERGYTECH CO. LTD.
C	07F4	MEDIRLAB Orvosbiologiai Fejleszto Korlatolt Felelossegu Tarsasag
C	07F5	Byton North America Corporation
C	07F6	Shenzhen TonliScience and Technology Development Co.,Ltd
C	07F7	Cesar Systems Ltd.
C	07F8	quip NYC Inc.
C	07FA	Klipsch Group, Inc.
C	07FB	Access Co., Ltd
C	07FC	Renault SA
C	07FD	JSK CO., LTD.
C	07FE	BIROTA
C	07FF	maxon motor ltd.
C	0800	Optek
C	0801	CRONUS ELECTRONICS LTD
C	0802	NantSound, Inc.
C	0803	Domintell s.a.
C	0804	Andon Health Co.,Ltd
C	0805	Urbanminded Ltd
C	0806	TYRI Sweden AB
C	0807	ECD Electronic Components GmbH Dresden
C	0808	SISTEMAS KERN, SOCIEDAD ANÓMINA
C	0809	Trulli Audio
C	080A	Altaneos
C	080B	Nanoleaf Canada Limited
C	080C	Ingy B.V.
C	080D	Azbil Co.
C	080E	TATTCOM LLC
C	080F	Paradox Engineering SA
C	0810	LECO Corporation
C	0811	Becker Antriebe GmbH
C	0812	Mstream Technologies., Inc.
C	0813	Flextronics International USA Inc.
C	0814	Ossur hf.
C	0815	SKC Inc
C	0816	SPICA SYSTEMS LLC
C	0817	Wangs Alliance Corporation
C	0818	tatwah SA
C	0819	Hunter Douglas Inc
C	081A	Shenzhen Conex
C	081B	DIM3
C	081C	Bobrick Washroom Equipment, Inc.
C	081D	Potrykus Holdings and Development LLC
C	081E	iNFORM Technology GmbH
C	081F	eSenseLab LTD
C	0820	Brilliant Home Technology, Inc.
C	0821	INOVA Geophysical, Inc.
C	0822	adafruit industries
C	0824	8Power Limited
C	0825	CME PTE. LTD.
C	0826	Hyundai Motor Company
C	0827	Kickmaker
C	0828	Shanghai Suisheng Information Technology Co., Ltd.
C	0829	HEXAGON METROLOGY DIVISION ROMER
C	082A	Mitutoyo Corporation
C	082B	shenzhen fitcare electronics Co.,Ltd
C	082C	INGICS TECHNOLOGY CO., LTD.
C	082D	INCUS PERFORMANCE LTD.
C	082E	ABB S.p.A.
C	082F	Blippit AB
C	0831	Foxble, LLC
C	0832	Intermotive,Inc.
C	0833	Conneqtech B.V.
C	0834	RIKEN KEIKI CO., LTD.,
C	0835	Canopy Growth Corporation
C	0836	Bitwards Oy
C	0837	vivo Mobile Communication Co., Ltd.
C	0838	Etymotic Research, Inc.
C	0839	A puissance 3
C	083A	BPW Bergische Achsen Kommanditgesellschaft
C	083B	Piaggio Fast Forward
C	083C	BeerTech LTD
C	083D	Tokenize, Inc.
C	083E	Zorachka LTD
C	083F	D-Link Corp.
C	0840	Down Range Systems LLC
C	0841	General Luminaire (Shanghai) Co., Ltd.
C	0842	Tangshan HongJia electronic technology co., LTD.
C	0843	FRAGRANCE DELIVERY TECHNOLOGIES LTD
C	0844	Pepperl + Fuchs GmbH
C	0845	Dometic Corporation
C	0846	USound GmbH
C	0847	DNANUDGE LIMITED
C	0848	JUJU JOINTS CANADA CORP.
C	0849	Dopple Technologies B.V.
C	084A	ARCOM
C	084B	Biotechware SRL
C	084C	ORSO Inc.
C	084D	SafePort
C	084E	Carol Cole Company
C	084F	Embedded Fitness B.V.
C	0850	Yealink (Xiamen) Network Technology Co.,LTD
C	0851	Subeca, Inc.
C	0852	Cognosos, Inc.
C	0853	Pektron Group Limited
C	0854	Tap Sound System
C	0855	Helios Sports, Inc.
C	0856	Canopy Growth Corporation
C	0857	Parsyl Inc
C	0858	SOUNDBOKS
C	0859	BlueUp
C	085A	DAKATECH
C	085B	Nisshinbo Micro Devices Inc.
C	085C	ACOS CO.,LTD.
C	085D	Guilin Zhishen Information Technology Co.,Ltd.
C	085E	Krog Systems LLC
C	0860	Alflex Products B.V.
C	0861	SmartSensor Labs Ltd
C	0862	SmartDrive
C	0863	Yo-tronics Technology Co., Ltd.
C	0864	Rafaelmicro
C	0865	Emergency Lighting Products Limited
C	0866	LAONZ Co.,Ltd
C	0867	Western Digital Techologies, Inc.
C	0868	WIOsense GmbH & Co. KG
C	0869	EVVA Sicherheitstechnologie GmbH
C	086A	Odic Incorporated
C	086B	Pacific Track, LLC
C	086C	Revvo Technologies, Inc.
C	086D	Biometrika d.o.o.
C	086E	Vorwerk Elektrowerke GmbH & Co. KG
C	086F	Trackunit A/S
C	0870	Wyze Labs, Inc
C	0871	Dension Elektronikai Kft.
C	0872	11 Health & Technologies Limited
C	0873	Innophase Incorporated
C	0874	Treegreen Limited
C	0875	Berner International LLC
C	0876	SmartResQ ApS
C	0877	Valtech
C	0878	The Chamberlain Group, Inc.
C	0879	MIZUNO Corporation
C	087A	ZRF, LLC
C	087B	BYSTAMP
C	087C	Crosscan GmbH
C	087D	Konftel AB
C	087E	1bar.net Limited
C	087F	Phillips Connect Technologies LLC
C	0880	imagiLabs AB
C	0881	Optalert
C	0882	PSYONIC, Inc.
C	0883	Wintersteiger AG
C	0884	Controlid Industria, Comercio de Hardware e Servicos de Tecnologia Ltda
C	0886	Movella Technologies B.V.
C	0887	Hydro-Gear Limited Partnership
C	0888	EnPointe Fencing Pty Ltd
C	0889	XANTHIO
C	088A	sclak s.r.l.
C	088B	Tricorder Arraay Technologies LLC
C	088C	GB Solution co.,Ltd
C	088D	Soliton Systems K.K.
C	088F	Tait International Limited
C	0890	NICHIEI INTEC CO., LTD.
C	0891	SmartWireless GmbH & Co. KG
C	0892	Ingenieurbuero Birnfeld UG (haftungsbeschraenkt)
C	0893	Maytronics Ltd
C	0894	EPIFIT
C	0895	Gimer medical
C	0896	Nokian Renkaat Oyj
C	0897	Current Lighting Solutions LLC
C	0899	SFS unimarket AG
C	089A	Private limited company "Teltonika"
C	089B	Saucon Technologies
C	089C	Embedded Devices Co. Company
C	089D	J-J.A.D.E. Enterprise LLC
C	089E	i-SENS, inc.
C	089F	Witschi Electronic Ltd
C	08A0	Aclara Technologies LLC
C	08A1	EXEO TECH CORPORATION
C	08A2	Epic Systems Co., Ltd.
C	08A3	Hoffmann SE
C	08A4	Realme Chongqing Mobile Telecommunications Corp., Ltd.
C	08A6	Intelligenceworks Inc.
C	08A7	TGR 1.618 Limited
C	08A8	Shanghai Kfcube Inc
C	08A9	Fraunhofer IIS
C	08AA	SZ DJI TECHNOLOGY CO.,LTD
C	08AB	Coburn Technology, LLC
C	08AC	Topre Corporation
C	08AD	Kayamatics Limited
C	08AE	Moticon ReGo AG
C	08AF	Polidea Sp. z o.o.
C	08B0	Trivedi Advanced Technologies LLC
C	08B1	CORE|vision BV
C	08B2	PF SCHWEISSTECHNOLOGIE GMBH
C	08B3	IONIQ Skincare GmbH & Co. KG
C	08B4	Sengled Co., Ltd.
C	08B6	Boehringer Ingelheim Vetmedica GmbH
C	08B7	ABB Inc
C	08B8	Check Technology Solutions LLC
C	08B9	U-Shin Ltd.
C	08BA	HYPER ICE, INC.
C	08BB	Tokai-rika co.,ltd.
C	08BC	Prevayl Limited
C	08BD	bf1systems limited
C	08BE	ubisys technologies GmbH
C	08BF	SIRC Co., Ltd.
C	08C0	Accent Advanced Systems SLU
C	08C1	Rayden.Earth LTD
C	08C2	Lindinvent AB
C	08C3	CHIPOLO d.o.o.
C	08C5	J. Wagner GmbH
C	08C7	Monadnock Systems Ltd.
C	08C8	Liteboxer Technologies Inc.
C	08C9	Noventa AG
C	08CA	Nubia Technology Co.,Ltd.
C	08CB	JT INNOVATIONS LIMITED
C	08CC	TGM TECHNOLOGY CO., LTD.
C	08CD	ifly
C	08CE	ZIMI CORPORATION
C	08CF	betternotstealmybike UG (with limited liability)
C	08D0	ESTOM Infotech Kft.
C	08D1	Sensovium Inc.
C	08D2	Virscient Limited
C	08D3	Novel Bits, LLC
C	08D4	ADATA Technology Co., LTD.
C	08D5	KEYes
C	08D7	Inovonics Corp
C	08D8	WARES
C	08D9	Pointr Labs Limited
C	08DA	Miridia Technology Incorporated
C	08DB	Tertium Technology
C	08DC	SHENZHEN AUKEY E BUSINESS CO., LTD
C	08DD	code-Q
C	08DE	TE Connectivity Corporation
C	08DF	IRIS OHYAMA CO.,LTD.
C	08E0	Philia Technology
C	08E1	KOZO KEIKAKU ENGINEERING Inc.
C	08E2	Shenzhen Simo Technology co. LTD
C	08E3	Republic Wireless, Inc.
C	08E4	Rashidov ltd
C	08E5	Crowd Connected Ltd
C	08E6	Eneso Tecnologia de Adaptacion S.L.
C	08E7	Barrot Technology Co.,Ltd.
C	08E8	Naonext
C	08E9	Taiwan Intelligent Home Corp.
C	08EA	COWBELL ENGINEERING CO.,LTD.
C	08EB	Beijing Big Moment Technology Co., Ltd.
C	08EC	Denso Corporation
C	08ED	IMI Hydronic Engineering International SA
C	08EE	Askey Computer Corp.
C	08EF	Cumulus Digital Systems, Inc
C	08F0	Joovv, Inc.
C	08F1	The L.S. Starrett Company
C	08F2	Microoled
C	08F3	PSP - Pauli Services & Products GmbH
C	08F4	Kodimo Technologies Company Limited
C	08F5	Tymtix Technologies Private Limited
C	08F6	Dermal Photonics Corporation
C	08F7	MTD Products Inc & Affiliates
C	08F8	instagrid GmbH
C	08F9	Spacelabs Medical Inc.
C	08FB	Darkglass Electronics Oy
C	08FC	Hill-Rom
C	08FD	BioIntelliSense, Inc.
C	08FE	Ketronixs Sdn Bhd
C	08FF	Plastimold Products, Inc
C	0900	Beijing Zizai Technology Co., LTD.
C	0901	Lucimed
C	0902	TSC Auto-ID Technology Co., Ltd.
C	0903	DATAMARS, Inc.
C	0904	SUNCORPORATION
C	0905	Yandex Services AG
C	0906	Scope Logistical Solutions
C	0907	User Hello, LLC
C	0908	Pinpoint Innovations Limited
C	0909	70mai Co.,Ltd.
C	090A	Zhuhai Hoksi Technology CO.,LTD
C	090B	EMBR labs, INC
C	090C	Radiawave Technologies Co.,Ltd.
C	090E	OPTIMUSIOT TECH LLP
C	090F	VC Inc.
C	0910	ASR Microelectronics (Shanghai) Co., Ltd.
C	0911	Douglas Lighting Controls Inc.
C	0912	Nerbio Medical Software Platforms Inc
C	0913	Braveheart Wireless, Inc.
C	0914	INEO-SENSE
C	0915	Honda Motor Co., Ltd.
C	0916	Ambient Sensors LLC
C	0917	ASR Microelectronics(ShenZhen)Co., Ltd.
C	0919	NO SMD LIMITED
C	091A	Albertronic BV
C	091B	Luminostics, Inc.
C	091C	Oblamatik AG
C	091D	Innokind, Inc.
C	091E	Melbot Studios, Sociedad Limitada
C	091F	Myzee Technology
C	0921	KAHA PTE. LTD.
C	0922	Shanghai MXCHIP Information Technology Co., Ltd.
C	0923	JSB TECH PTE LTD
C	0925	Yukai Engineering Inc.
C	0926	Gooligum Technologies Pty Ltd
C	0927	ROOQ GmbH
C	0928	AiRISTA
C	0929	Qingdao Haier Technology Co., Ltd.
C	092A	Sappl Verwaltungs- und Betriebs GmbH
C	092B	TekHome
C	092C	PCI Private Limited
C	092D	Leggett & Platt, Incorporated
C	092E	PS GmbH
C	092F	C.O.B.O. SpA
C	0930	James Walker RotaBolt Limited
C	0931	BREATHINGS Co., Ltd.
C	0933	SRAM
C	0934	KiteSpring Inc.
C	0935	Reconnect, Inc.
C	0936	Elekon AG
C	0937	RealThingks GmbH
C	0938	Henway Technologies, LTD.
C	0939	ASTEM Co.,Ltd.
C	093A	LinkedSemi Microelectronics (Xiamen) Co., Ltd
C	093B	ENSESO LLC
C	093C	Xenoma Inc.
C	093D	Adolf Wuerth GmbH & Co KG
C	093E	Catalyft Labs, Inc.
C	093F	JEPICO Corporation
C	0940	Hero Workout GmbH
C	0941	Rivian Automotive, LLC
C	0942	TRANSSION HOLDINGS LIMITED
C	0944	Agitron d.o.o.
C	0945	Globe (Jiangsu) Co., Ltd
C	0946	AMC International Alfa Metalcraft Corporation AG
C	0947	First Light Technologies Ltd.
C	0948	Wearable Link Limited
C	0949	Metronom Health Europe
C	094A	Zwift, Inc.
C	094B	Kindeva Drug Delivery L.P.
C	094C	GimmiSys GmbH
C	094D	tkLABS INC.
C	094E	PassiveBolt, Inc.
C	094F	Limited Liability Company "Mikrotikls"
C	0950	Capetech
C	0951	PPRS
C	0952	Apptricity Corporation
C	0953	LogiLube, LLC
C	0954	Julbo
C	0955	Breville Group
C	0956	Kerlink
C	0957	Ohsung Electronics
C	0958	ZTE Corporation
C	0959	HerdDogg, Inc
C	095B	Lismore Instruments Limited
C	095C	LogiLube, LLC
C	095D	Electronic Theatre Controls
C	095E	BioEchoNet inc.
C	095F	NUANCE HEARING LTD
C	0960	Sena Technologies Inc.
C	0961	Linkura AB
C	0962	GL Solutions K.K.
C	0963	Moonbird BV
C	0964	Countrymate Technology Limited
C	0965	Asahi Kasei Corporation
C	0966	PointGuard, LLC
C	0967	Neo Materials and Consulting Inc.
C	0968	Actev Motors, Inc.
C	0969	Woan Technology (Shenzhen) Co., Ltd.
C	096A	dricos, Inc.
C	096B	Guide ID B.V.
C	096D	Gunwerks, LLC
C	096E	Band Industries, inc.
C	0970	IBA Dosimetry GmbH
C	0971	GA
C	0973	Popit Oy
C	0974	ABEYE
C	0975	BlueIOT(Beijing) Technology Co.,Ltd
C	0976	Fauna Audio GmbH
C	0977	TOYOTA motor corporation
C	0978	ZifferEins GmbH & Co. KG
C	0979	BIOTRONIK SE & Co. KG
C	097A	CORE CORPORATION
C	097B	CTEK Sweden AB
C	097C	Thorley Industries, LLC
C	097D	CLB B.V.
C	097E	SonicSensory Inc
C	097F	ISEMAR S.R.L.
C	0980	DEKRA TESTING AND CERTIFICATION, S.A.U.
C	0981	Bernard Krone Holding SE & Co.KG
C	0982	ELPRO-BUCHS AG
C	0983	Feedback Sports LLC
C	0984	TeraTron GmbH
C	0986	Cello Hill, LLC
C	0987	TSE BRAKES, INC.
C	0988	BHM-Tech Produktionsgesellschaft m.b.H
C	0989	WIKA Alexander Wiegand SE & Co.KG
C	098A	Biovigil
C	098B	Mequonic Engineering, S.L.
C	098C	bGrid B.V.
C	098E	ADVEEZ
C	098F	Aktiebolaget Regin
C	0990	Anton Paar GmbH
C	0991	Telenor ASA
C	0992	Big Kaiser Precision Tooling Ltd
C	0993	Absolute Audio Labs B.V.
C	0994	VT42 Pty Ltd
C	0995	Bronkhorst High-Tech B.V.
C	0996	C. & E. Fein GmbH
C	0997	NextMind
C	0998	Pixie Dust Technologies, Inc.
C	0999	eTactica ehf
C	099A	New Audio LLC
C	099B	Sendum Wireless Corporation
C	099C	deister electronic GmbH
C	099D	YKK AP Inc.
C	099E	Step One Limited
C	099F	Koya Medical, Inc.
C	09A0	Proof Diagnostics, Inc.
C	09A1	VOS Systems, LLC
C	09A2	ENGAGENOW DATA SCIENCES PRIVATE LIMITED
C	09A3	ARDUINO SA
C	09A4	KUMHO ELECTRICS, INC
C	09A5	Security Enhancement Systems, LLC
C	09A6	BEIJING ELECTRIC VEHICLE CO.,LTD
C	09A7	Paybuddy ApS
C	09A8	KHN Solutions LLC
C	09A9	Nippon Ceramic Co.,Ltd.
C	09AA	PHOTODYNAMIC INCORPORATED
C	09AB	DashLogic, Inc.
C	09AC	Ambiq
C	09AD	Narhwall Inc.
C	09AE	Pozyx NV
C	09AF	ifLink Open Community
C	09B0	Deublin Company, LLC
C	09B1	BLINQY
C	09B2	DYPHI
C	09B3	BlueX Microelectronics Corp Ltd.
C	09B4	PentaLock Aps.
C	09B5	AUTEC Gesellschaft fuer Automationstechnik mbH
C	09B6	Pegasus Technologies, Inc.
C	09B7	Bout Labs, LLC
C	09B8	PlayerData Limited
C	09B9	SAVOY ELECTRONIC LIGHTING
C	09BA	Elimo Engineering Ltd
C	09BB	SkyStream Corporation
C	09BC	Aerosens LLC
C	09BD	Centre Suisse d'Electronique et de Microtechnique SA
C	09BE	Vessel Ltd.
C	09BF	Span.IO, Inc.
C	09C0	AnotherBrain inc.
C	09C1	Rosewill
C	09C2	Universal Audio, Inc.
C	09C3	JAPAN TOBACCO INC.
C	09C4	UVISIO
C	09C5	HungYi Microelectronics Co.,Ltd.
C	09C6	Honor Device Co., Ltd.
C	09C7	Combustion, LLC
C	09C8	XUNTONG
C	09C9	CrowdGlow Ltd
C	09CA	Mobitrace
C	09CB	Hx Engineering, LLC
C	09CC	Senso4s d.o.o.
C	09CE	Julius Blum GmbH
C	09CF	BlueStreak IoT, LLC
C	09D0	Chess Wise B.V.
C	09D1	ABLEPAY TECHNOLOGIES AS
C	09D2	Temperature Sensitive Solutions Systems Sweden AB
C	09D4	ORBIS Inc.
C	09D5	GEAR RADIO ELECTRONICS CORP.
C	09D6	EAR TEKNIK ISITME VE ODIOMETRI CIHAZLARI SANAYI VE TICARET ANONIM SIRKETI
C	09D7	Coyotta
C	09D8	Synergy Tecnologia em Sistemas Ltda
C	09D9	VivoSensMedical GmbH
C	09DA	Nagravision SA
C	09DB	Bionic Avionics Inc.
C	09DD	Innoware Development AB
C	09DE	JLD Technology Solutions, LLC
C	09DF	Magnus Technology Sdn Bhd
C	09E1	Tag-N-Trac Inc
C	09E3	Friday Home Aps
C	09E4	CPS AS
C	09E5	Mobilogix
C	09E6	Masonite Corporation
C	09E7	Kabushikigaisha HANERON
C	09E8	Melange Systems Pvt. Ltd.
C	09E9	LumenRadio AB
C	09EA	Athlos Oy
C	09EB	KEAN ELECTRONICS PTY LTD
C	09EC	Yukon advanced optics worldwide, UAB
C	09ED	Sibel Inc.
C	09EE	OJMAR SA
C	09EF	Steinel Solutions AG
C	09F0	WatchGas B.V.
C	09F1	OM Digital Solutions Corporation
C	09F2	Audeara Pty Ltd
C	09F3	Beijing Zero Zero Infinity Technology Co.,Ltd.
C	09F4	Spectrum Technologies, Inc.
C	09F5	OKI Electric Industry Co., Ltd
C	09F6	Mobile Action Technology Inc.
C	09F7	SENSATEC Co., Ltd.
C	09F8	R.O. S.R.L.
C	09F9	Hangzhou Yaguan Technology Co. LTD
C	09FA	Listen Technologies Corporation
C	09FB	TOITU CO., LTD.
C	09FC	Confidex
C	09FE	Lichtvision Engineering GmbH
C	09FF	AIRSTAR
C	0A00	Ampler Bikes OU
C	0A01	Cleveron AS
C	0A02	Ayxon-Dynamics GmbH
C	0A03	donutrobotics Co., Ltd.
C	0A04	Flosonics Medical
C	0A05	Southwire Company, LLC
C	0A06	Shanghai wuqi microelectronics Co.,Ltd
C	0A07	Reflow Pty Ltd
C	0A08	Oras Oy
C	0A0A	Volan Technology Inc.
C	0A0C	Shanghai Yidian Intelligent Technology Co., Ltd.
C	0A0D	Blue Peacock GmbH
C	0A0E	Roland Corporation
C	0A0F	LIXIL Corporation
C	0A10	SUBARU Corporation
C	0A11	Sensolus
C	0A12	Dyson Technology Limited
C	0A13	Tec4med LifeScience GmbH
C	0A14	CROXEL, INC.
C	0A15	Syng Inc
C	0A17	Plume Design Inc
C	0A18	Cambridge Animal Technologies Ltd
C	0A19	Maxell, Ltd.
C	0A1A	Link Labs, Inc.
C	0A1B	Embrava Pty Ltd
C	0A1C	INPEAK sp. z o.o.
C	0A1D	API-K
C	0A1E	CombiQ AB
C	0A1F	DeVilbiss Healthcare LLC
C	0A20	Jiangxi Innotech Technology Co., Ltd
C	0A21	Apollogic Sp. z o.o.
C	0A22	DAIICHIKOSHO CO., LTD.
C	0A23	BIXOLON CO.,LTD
C	0A24	Atmosic Technologies, Inc.
C	0A25	Eran Financial Services LLC
C	0A26	Louis Vuitton
C	0A28	NanoFlex Power Corporation
C	0A29	Worthcloud Technology Co.,Ltd
C	0A2A	Yamaha Corporation
C	0A2B	PaceBait IVS
C	0A2C	Shenzhen H&T Intelligent Control Co., Ltd
C	0A2D	Shenzhen Feasycom Technology Co., Ltd.
C	0A2F	Instamic, Inc.
C	0A30	Air-Weigh
C	0A31	Nevro Corp.
C	0A32	Pinnacle Technology, Inc.
C	0A33	WMF AG
C	0A34	Luxer Corporation
C	0A35	safectory GmbH
C	0A36	NGK SPARK PLUG CO., LTD.
C	0A37	2587702 Ontario Inc.
C	0A38	Bouffalo Lab (Nanjing)., Ltd.
C	0A39	BLUETICKETING SRL
C	0A3B	Galileo Technology Limited
C	0A3C	Siteco GmbH
C	0A3D	DELABIE
C	0A3F	Shenzhen Yopeak Optoelectronics Technology Co., Ltd.
C	0A41	OPEX Corporation
C	0A42	Motionalysis, Inc.
C	0A43	Busch Systems International Inc.
C	0A44	Novidan, Inc.
C	0A45	3SI Security Systems, Inc
C	0A46	Beijing HC-Infinite Technology Limited
C	0A47	The Wand Company Ltd
C	0A48	JRC Mobility Inc.
C	0A4A	Map Large, Inc.
C	0A4B	MistyWest Energy and Transport Ltd.
C	0A4C	SiFli Technologies (shanghai) Inc.
C	0A4D	Lockn Technologies Private Limited
C	0A4E	Toytec Corporation
C	0A4F	VANMOOF Global Holding B.V.
C	0A50	Nextscape Inc.
C	0A51	CSIRO
C	0A52	Follow Sense Europe B.V.
C	0A53	KKM COMPANY LIMITED
C	0A54	SQL Technologies Corp.
C	0A55	Inugo Systems Limited
C	0A56	ambie
C	0A57	Meizhou Guo Wei Electronics Co., Ltd
C	0A58	Indigo Diabetes
C	0A59	TourBuilt, LLC
C	0A5A	Sontheim Industrie Elektronik GmbH
C	0A5B	LEGIC Identsystems AG
C	0A5C	Innovative Design Labs Inc.
C	0A5D	MG Energy Systems B.V.
C	0A5F	stryker
C	0A60	DATANG SEMICONDUCTOR TECHNOLOGY CO.,LTD
C	0A61	Smart Parks B.V.
C	0A62	MOKO TECHNOLOGY Ltd
C	0A64	Geopal system A/S
C	0A65	Lytx, INC.
C	0A67	Beijing SuperHexa Century Technology CO. Ltd
C	0A68	Focus Ingenieria SRL
C	0A69	HAPPIEST BABY, INC.
C	0A6A	Scribble Design Inc.
C	0A6B	Olympic Ophthalmics, Inc.
C	0A6C	Pokkels
C	0A6E	Pac Sane Limited
C	0A6F	Warner Bros.
C	0A70	Ooma
C	0A71	Senquip Pty Ltd
C	0A72	Jumo GmbH & Co. KG
C	0A73	Innohome Oy
C	0A74	MICROSON S.A.
C	0A75	Delta Cycle Corporation
C	0A76	Synaptics Incorporated
C	0A77	AXTRO PTE. LTD.
C	0A78	Shenzhen Sunricher Technology Limited
C	0A79	Webasto SE
C	0A7A	Emlid Limited
C	0A7B	UniqAir Oy
C	0A7C	WAFERLOCK
C	0A7D	Freedman Electronics Pty Ltd
C	0A7E	KEBA Handover Automation GmbH
C	0A7F	Intuity Medical
C	0A80	Cleer Limited
C	0A81	Universal Biosensors Pty Ltd
C	0A82	Corsair
C	0A83	Rivata, Inc.
C	0A84	Greennote Inc,
C	0A85	Snowball Technology Co., Ltd.
C	0A86	ALIZENT International
C	0A87	Shanghai Smart System Technology Co., Ltd
C	0A88	PSA Peugeot Citroen
C	0A89	VusionGroup
C	0A8A	HAINBUCH GMBH SPANNENDE TECHNIK
C	0A8B	SANlight GmbH
C	0A8C	DelpSys, s.r.o.
C	0A8D	JCM TECHNOLOGIES S.A.
C	0A8E	Perfect Company
C	0A8F	TOTO LTD.
C	0A90	Shenzhen Grandsun Electronic Co.,Ltd.
C	0A91	Monarch International Inc.
C	0A92	Carestream Dental LLC
C	0A93	GiPStech S.r.l.
C	0A94	OOBIK Inc.
C	0A95	Pamex Inc.
C	0A98	Foil, Inc.
C	0A99	Shanghai high-flying electronics technology Co.,Ltd
C	0A9A	TEMKIN ASSOCIATES, LLC
C	0A9B	Eello LLC
C	0A9C	Xi'an Fengyu Information Technology Co., Ltd.
C	0A9D	Canon Finetech Nisca Inc.
C	0A9F	ista International GmbH
C	0AA0	Loy Tec electronics GmbH
C	0AA1	LINCOGN TECHNOLOGY CO. LIMITED
C	0AA2	Care Bloom, LLC
C	0AA3	DIC Corporation
C	0AA4	FAZEPRO LLC
C	0AA5	Shenzhen Uascent Technology Co., Ltd
C	0AA6	Realityworks, inc.
C	0AA7	Urbanista AB
C	0AA8	Zencontrol Pty Ltd
C	0AA9	Spintly, Inc.
C	0AAA	Computime International Ltd
C	0AAB	Anhui Listenai Co
C	0AAC	OSM HK Limited
C	0AAD	Adevo Consulting AB
C	0AAE	PS Engineering, Inc.
C	0AAF	AIAIAI ApS
C	0AB0	Visiontronic s.r.o.
C	0AB1	InVue Security Products Inc
C	0AB2	TouchTronics, Inc.
C	0AB3	INNER RANGE PTY. LTD.
C	0AB4	Ellenby Technologies, Inc.
C	0AB5	Elstat Electronics Ltd.
C	0AB6	Xenter, Inc.
C	0AB7	LogTag North America Inc.
C	0AB8	Sens.ai Incorporated
C	0AB9	STL
C	0ABA	Open Bionics Ltd.
C	0ABB	R-DAS, s.r.o.
C	0ABC	KCCS Mobile Engineering Co., Ltd.
C	0ABD	Inventas AS
C	0ABE	Robkoo Information & Technologies Co., Ltd.
C	0ABF	PAUL HARTMANN AG
C	0AC0	Omni-ID USA, INC.
C	0AC1	Shenzhen Jingxun Technology Co., Ltd.
C	0AC2	RealMega Microelectronics technology (Shanghai) Co. Ltd.
C	0AC3	Kenzen, Inc.
C	0AC4	CODIUM
C	0AC5	Flexoptix GmbH
C	0AC6	Barnes Group Inc.
C	0AC7	Chengdu Aich Technology Co.,Ltd
C	0AC8	Keepin Co., Ltd.
C	0AC9	Swedlock AB
C	0ACA	Shenzhen CoolKit Technology Co., Ltd
C	0ACB	ise Individuelle Software und Elektronik GmbH
C	0ACC	Nuvoton
C	0ACD	Visuallex Sport International Limited
C	0ACE	KOBATA GAUGE MFG. CO., LTD.
C	0ACF	CACI Technologies
C	0AD0	Nordic Strong ApS
C	0AD2	Lautsprecher Teufel GmbH
C	0AD3	SSV Software Systems GmbH
C	0AD4	Zhuhai Pantum Electronisc Co., Ltd
C	0AD5	Streamit B.V.
C	0AD6	nymea GmbH
C	0AD7	AL-KO Geraete GmbH
C	0AD8	Franz Kaldewei GmbH&Co KG
C	0ADA	Codefabrik GmbH
C	0ADB	Reelables, Inc.
C	0ADC	Duravit AG
C	0ADD	Boss Audio
C	0ADE	Vocera Communications, Inc.
C	0ADF	Douglas Dynamics L.L.C.
C	0AE3	GlobalMed
C	0AE4	DALI Alliance
C	0AE5	unu GmbH
C	0AE6	Hexology
C	0AE7	Sunplus Technology Co., Ltd.
C	0AE8	LEVEL, s.r.o.
C	0AE9	FLIR Systems AB
C	0AEA	Borda Technology
C	0AEB	Square, Inc.
C	0AEC	FUTEK ADVANCED SENSOR TECHNOLOGY, INC
C	0AED	Saxonar GmbH
C	0AEE	Velentium, LLC
C	0AEF	GLP German Light Products GmbH
C	0AF0	Leupold & Stevens, Inc.
C	0AF1	CRADERS,CO.,LTD
C	0AF3	701x Inc.
C	0AF4	Radioworks Microelectronics PTY LTD
C	0AF5	Unitech Electronic Inc.
C	0AF6	AMETEK, Inc.
C	0AF7	Irdeto
C	0AF8	First Design System Inc.
C	0AF9	Unisto AG
C	0AFA	Chengdu Ambit Technology Co., Ltd.
C	0AFB	SMT ELEKTRONIK GmbH
C	0AFC	Cerebrum Sensor Technologies Inc.
C	0AFD	Weber Sensors, LLC
C	0AFE	Earda Technologies Co.,Ltd
C	0AFF	FUSEAWARE LIMITED
C	0B00	Flaircomm Microelectronics Inc.
C	0B01	RESIDEO TECHNOLOGIES, INC.
C	0B02	IORA Technology Development Ltd. Sti.
C	0B03	Precision Triathlon Systems Limited
C	0B05	Marquardt GmbH
C	0B06	FAZUA GmbH
C	0B07	Workaround Gmbh
C	0B08	Shenzhen Qianfenyi Intelligent Technology Co., LTD
C	0B0A	Belun Technology Company Limited
C	0B0B	Sanistaal A/S
C	0B0C	BluPeak
C	0B0D	SANYO DENKO Co.,Ltd.
C	0B0E	Minebea Access Solutions Inc.
C	0B0F	B.E.A. S.A.
C	0B10	Alfa Laval Corporate AB
C	0B11	ThermoWorks, Inc.
C	0B12	ToughBuilt Industries LLC
C	0B13	IOTOOLS
C	0B14	Olumee
C	0B15	NAOS JAPAN K.K.
C	0B16	Guard RFID Solutions Inc.
C	0B17	SIG SAUER, INC.
C	0B18	DECATHLON SE
C	0B19	WBS PROJECT H PTY LTD
C	0B1A	Roca Sanitario, S.A.
C	0B1C	Nanoleq AG
C	0B1D	Accelerated Systems
C	0B1E	PB INC.
C	0B1F	Beijing ESWIN Computing Technology Co., Ltd.
C	0B20	TKH Security B.V.
C	0B22	Hygiene IQ, LLC.
C	0B23	iRhythm Technologies, Inc.
C	0B24	BeiJing ZiJie TiaoDong KeJi Co.,Ltd.
C	0B25	NIBROTECH LTD
C	0B26	Baracoda Daily Healthtech.
C	0B27	Lumi United Technology Co., Ltd
C	0B29	Tech-Venom Entertainment Private Limited
C	0B2B	MAINBOT
C	0B2C	ILLUMAGEAR, Inc.
C	0B2D	REDARC ELECTRONICS PTY LTD
C	0B2E	MOCA System Inc.
C	0B2F	Duke Manufacturing Co
C	0B30	ART SPA
C	0B31	Silver Wolf Vehicles Inc.
C	0B32	Hala Systems, Inc.
C	0B33	ARMATURA LLC
C	0B34	CONZUMEX INDUSTRIES PRIVATE LIMITED
C	0B35	BH SENS
C	0B36	SINTEF
C	0B37	Omnivoltaic Energy Solutions Limited Company
C	0B38	WISYCOM S.R.L.
C	0B39	Red 100 Lighting Co., ltd.
C	0B3A	Impact Biosystems, Inc.
C	0B3B	AIC semiconductor (Shanghai) Co., Ltd.
C	0B3C	Dodge Industrial, Inc.
C	0B3D	REALTIMEID AS
C	0B3E	ISEO Serrature S.p.a.
C	0B3F	MindRhythm, Inc.
C	0B40	Havells India Limited
C	0B41	Sentrax GmbH
C	0B42	TSI
C	0B43	INCITAT ENVIRONNEMENT
C	0B44	nFore Technology Co., Ltd.
C	0B45	Electronic Sensors, Inc.
C	0B47	Gentex Corporation
C	0B48	NIO USA, Inc.
C	0B49	SkyHawke Technologies
C	0B4A	Nomono AS
C	0B4B	EMS Integrators, LLC
C	0B4C	BiosBob.Biz
C	0B4D	Adam Hall GmbH
C	0B4E	ICP Systems B.V.
C	0B4F	Breezi.io, Inc.
C	0B50	Mesh Systems LLC
C	0B51	FUN FACTORY GmbH
C	0B52	ZIIP Inc
C	0B53	SHENZHEN KAADAS INTELLIGENT TECHNOLOGY CO.,Ltd
C	0B54	Emotion Fitness GmbH & Co. KG
C	0B55	H G M Automotive Electronics, Inc.
C	0B56	BORA - Vertriebs GmbH & Co KG
C	0B57	CONVERTRONIX TECHNOLOGIES AND SERVICES LLP
C	0B58	TOKAI-DENSHI INC
C	0B5B	Shenzhen ImagineVision Technology Limited
C	0B5D	Fujian Newland Auto-ID Tech. Co., Ltd.
C	0B5E	CELLCONTROL, INC.
C	0B5F	Rivieh, Inc.
C	0B60	RATOC Systems, Inc.
C	0B61	Sentek Pty Ltd
C	0B62	NOVEA ENERGIES
C	0B63	Innolux Corporation
C	0B64	NingBo klite Electric Manufacture Co.,LTD
C	0B65	The Apache Software Foundation
C	0B66	MITSUBISHI ELECTRIC AUTOMATION (THAILAND) COMPANY LIMITED
C	0B68	Quha oy
C	0B69	Addaday
C	0B6A	Dymo
C	0B6B	Samsara Networks, Inc
C	0B6C	Sensitech, Inc.
C	0B6D	SOLUM CO., LTD
C	0B6E	React Mobile
C	0B70	JDRF Electromag Engineering Inc
C	0B71	lilbit ODM AS
C	0B72	Geeknet, Inc.
C	0B73	HARADA INDUSTRY CO., LTD.
C	0B74	BQN
C	0B75	Triple W Japan Inc.
C	0B76	MAX-co., ltd
C	0B77	Aixlink(Chengdu) Co., Ltd.
C	0B78	FIELD DESIGN INC.
C	0B79	Sankyo Air Tech Co.,Ltd.
C	0B7A	Shenzhen KTC Technology Co.,Ltd.
C	0B7B	Hardcoder Oy
C	0B7C	Scangrip A/S
C	0B7D	FoundersLane GmbH
C	0B7E	Offcode Oy
C	0B7F	ICU tech GmbH
C	0B80	AXELIFE
C	0B81	SCM Group
C	0B82	Mammut Sports Group AG
C	0B83	Taiga Motors Inc.
C	0B84	Presidio Medical, Inc.
C	0B85	VIMANA TECH PTY LTD
C	0B86	Trek Bicycle
C	0B87	Ampetronic Ltd
C	0B88	Muguang (Guangdong) Intelligent Lighting Technology Co., Ltd
C	0B89	Rotronic AG
C	0B8A	Seiko Instruments Inc.
C	0B8B	American Technology Components, Incorporated
C	0B8C	MOTREX
C	0B8D	Pertech Industries Inc
C	0B8E	Gentle Energy Corp.
C	0B8F	Senscomm Semiconductor Co., Ltd.
C	0B91	Alfen ICU B.V.
C	0B93	Hangzhou BroadLink Technology Co., Ltd.
C	0B94	Dreem SAS
C	0B96	Telecom Design
C	0B97	SILVER TREE LABS, INC.
C	0B98	Gymstory B.V.
C	0B99	The Goodyear Tire & Rubber Company
C	0B9A	Beijing Wisepool Infinite Intelligence Technology Co.,Ltd
C	0B9C	Komatsu Ltd.
C	0B9D	Sensoria Holdings LTD
C	0B9E	Audio Partnership Plc
C	0B9F	Group Lotus Limited
C	0BA0	Data Sciences International
C	0BA1	Bunn-O-Matic Corporation
C	0BA2	TireCheck GmbH
C	0BA3	Sonova Consumer Hearing GmbH
C	0BA4	Vervent Audio Group
C	0BA5	SONICOS ENTERPRISES, LLC
C	0BA6	Nissan Motor Co., Ltd.
C	0BA7	hearX Group (Pty) Ltd
C	0BA8	GLOWFORGE INC.
C	0BA9	Allterco Robotics ltd
C	0BAA	Infinitegra, Inc.
C	0BAB	Grandex International Corporation
C	0BAC	Machfu Inc.
C	0BAD	Roambotics, Inc.
C	0BAE	Soma Labs LLC
C	0BAF	NITTO KOGYO CORPORATION
C	0BB0	Ecolab Inc.
C	0BB1	Beijing ranxin intelligence technology Co.,LTD
C	0BB2	Fjorden Electra AS
C	0BB3	Flender GmbH
C	0BB4	New Cosmos USA, Inc.
C	0BB5	Xirgo Technologies, LLC
C	0BB6	Build With Robots Inc.
C	0BB7	IONA Tech LLC
C	0BB8	INNOVAG PTY. LTD.
C	0BB9	SaluStim Group Oy
C	0BBA	Huso, INC
C	0BBB	SWISSINNO SOLUTIONS AG
C	0BBC	T2REALITY SOLUTIONS PRIVATE LIMITED
C	0BBE	SAAB Aktiebolag
C	0BBF	HIMSA II K/S
C	0BC0	READY FOR SKY LLP
C	0BC1	Miele & Cie. KG
C	0BC2	EntWick Co.
C	0BC3	MCOT INC.
C	0BC4	TECHTICS ENGINEERING B.V.
C	0BC5	Aperia Technologies, Inc.
C	0BC6	TCL COMMUNICATION EQUIPMENT CO.,LTD.
C	0BC7	Signtle Inc.
C	0BC8	OTF Distribution, LLC
C	0BC9	Neuvatek Inc.
C	0BCA	Perimeter Technologies, Inc.
C	0BCB	Divesoft s.r.o.
C	0BCC	Sylvac sa
C	0BCD	Amiko srl
C	0BCE	Neurosity, Inc.
C	0BCF	LL Tec Group LLC
C	0BD0	Durag GmbH
C	0BD1	Hubei Yuan Times Technology Co., Ltd.
C	0BD2	IDEC
C	0BD3	Procon Analytics, LLC
C	0BD4	ndd Medizintechnik AG
C	0BD5	Super B Lithium Power B.V.
C	0BD6	Shenzhen Injoinic Technology Co., Ltd.
C	0BD8	PURA SCENTS, INC.
C	0BDA	Aardex Ltd.
C	0BDB	CHAR-BROIL, LLC
C	0BDC	TWINKLY SRL
C	0BDD	Coroflo Limited
C	0BDE	Yale
C	0BDF	WINKEY ENTERPRISE (HONG KONG) LIMITED
C	0BE0	Koizumi Lighting Technology corp.
C	0BE2	OTC engineering
C	0BE3	Comtel Systems Ltd.
C	0BE4	Deepfield Connect GmbH
C	0BE5	ZWILLING J.A. Henckels Aktiengesellschaft
C	0BE6	Puratap Pty Ltd
C	0BE7	Fresnel Technologies, Inc.
C	0BE8	Sensormate AG
C	0BE9	Shindengen Electric Manufacturing Co., Ltd.
C	0BEA	Twenty Five Seven, prodaja in storitve, d.o.o.
C	0BEB	Luna Health, Inc.
C	0BED	CORAL-TAIYI Co. Ltd.
C	0BEE	LINKSYS USA, INC.
C	0BEF	Safetytest GmbH
C	0BF0	KIDO SPORTS CO., LTD.
C	0BF1	Site IQ LLC
C	0BF2	Angel Medical Systems, Inc.
C	0BF3	PONE BIOMETRICS AS
C	0BF5	T5 tek, Inc.
C	0BF6	greenTEG AG
C	0BF7	Wacker Neuson SE
C	0BF8	Innovacionnye Resheniya
C	0BFA	CleanBands Systems Ltd.
C	0BFB	Dodam Enersys Co., Ltd
C	0BFC	T+A elektroakustik GmbH & Co.KG
C	0BFD	Esmé Solutions
C	0BFE	Media-Cartec GmbH
C	0BFF	Ratio Electric BV
C	0C00	MQA Limited
C	0C01	NEOWRK SISTEMAS INTELIGENTES S.A.
C	0C02	Loomanet, Inc.
C	0C03	Puff Corp
C	0C04	Happy Health, Inc.
C	0C05	Montage Connect, Inc.
C	0C06	LED Smart Inc.
C	0C07	CONSTRUKTS, INC.
C	0C08	limited liability company "Red"
C	0C09	Senic Inc.
C	0C0A	Automated Pet Care Products, LLC
C	0C0B	aconno GmbH
C	0C0C	Mendeltron, Inc.
C	0C0D	Mereltron bv
C	0C0E	ALEX DENKO CO.,LTD.
C	0C0F	AETERLINK
C	0C10	Cosmed s.r.l.
C	0C11	Gordon Murray Design Limited
C	0C12	IoSA
C	0C13	Scandinavian Health Limited
C	0C14	Fasetto, Inc.
C	0C15	Geva Sol B.V.
C	0C16	TYKEE PTY. LTD.
C	0C17	SomnoMed Limited
C	0C18	CORROHM
C	0C19	Arlo Technologies, Inc.
C	0C1A	Catapult Group International Ltd
C	0C1B	Rockchip Electronics Co., Ltd.
C	0C1C	GEMU
C	0C1D	OFF Line Japan Co., Ltd.
C	0C1E	EC sense co., Ltd
C	0C1F	LVI Co.
C	0C20	COMELIT GROUP S.P.A.
C	0C21	Foshan Viomi Electrical Technology Co., Ltd
C	0C22	Glamo Inc.
C	0C23	KEYTEC,Inc.
C	0C24	SMARTD TECHNOLOGIES INC.
C	0C25	JURA Elektroapparate AG
C	0C26	Performance Electronics, Ltd.
C	0C27	Pal Electronics
C	0C28	Embecta Corp.
C	0C29	DENSO AIRCOOL CORPORATION
C	0C2A	Caresix Inc.
C	0C2B	GigaDevice Semiconductor Inc.
C	0C2C	Zeku Technology (Shanghai) Corp., Ltd.
C	0C2D	OTF Product Sourcing, LLC
C	0C2E	Easee AS
C	0C2F	BEEHERO, INC.
C	0C30	McIntosh Group Inc
C	0C31	KINDOO LLP
C	0C32	Xian Yisuobao Electronic Technology Co., Ltd.
C	0C33	Exeger Operations AB
C	0C34	BYD Company Limited
C	0C35	Thermokon-Sensortechnik GmbH
C	0C37	SignalQuest, LLC
C	0C38	Noritz Corporation.
C	0C39	TIGER CORPORATION
C	0C3B	ORB Innovations Ltd
C	0C3C	Classified Cycling
C	0C3D	Wrmth Corp.
C	0C3E	BELLDESIGN Inc.
C	0C3F	Stinger Equipment, Inc.
C	0C40	HORIBA, Ltd.
C	0C41	Control Solutions LLC
C	0C42	Heath Consultants Inc.
C	0C43	Berlinger & Co. AG
C	0C44	ONCELABS LLC
C	0C45	Brose Verwaltung SE, Bamberg
C	0C47	Epsilon Electronics,lnc
C	0C48	VALEO MANAGEMENT SERVICES
C	0C49	twopounds gmbh
C	0C4A	atSpiro ApS
C	0C4B	ADTRAN, Inc.
C	0C4C	Orpyx Medical Technologies Inc.
C	0C4D	Seekwave Technology Co.,ltd.
C	0C4E	Tactile Engineering, Inc.
C	0C4F	SharkNinja Operating LLC
C	0C50	Imostar Technologies Inc.
C	0C51	INNOVA S.R.L.
C	0C52	ESCEA LIMITED
C	0C53	Taco, Inc.
C	0C54	HiViz Lighting, Inc.
C	0C55	Zintouch B.V.
C	0C56	Rheem Sales Company, Inc.
C	0C57	UNEEG medical A/S
C	0C58	Hykso Inc.
C	0C59	CYBERDYNE Inc.
C	0C5A	Lockswitch Sdn Bhd
C	0C5B	Alban Giacomo S.P.A.
C	0C5C	MGM WIRELESSS HOLDINGS PTY LTD
C	0C5D	StepUp Solutions ApS
C	0C5E	BlueID GmbH
C	0C5F	Wuxi Linkpower Microelectronics Co.,Ltd
C	0C60	KEBA Energy Automation GmbH
C	0C61	NNOXX, Inc
C	0C62	Phiaton Corporation
C	0C63	phg Peter Hengstler GmbH + Co. KG
C	0C64	dormakaba Holding AG
C	0C65	WAKO CO,.LTD
C	0C67	TRACKTING S.R.L.
C	0C68	Emerja Corporation
C	0C6A	CONSORCIO TRUST CONTROL - NETTEL
C	0C6B	GILSON SAS
C	0C6C	SNIFF LOGIC LTD
C	0C6D	Fidure Corp.
C	0C6E	Sensa LLC
C	0C6F	Parakey AB
C	0C70	SCARAB SOLUTIONS LTD
C	0C71	BitGreen Technolabz (OPC) Private Limited
C	0C72	StreetCar ORV, LLC
C	0C73	Truma Gerätetechnik GmbH & Co. KG
C	0C74	yupiteru
C	0C75	Embedded Engineering Solutions LLC
C	0C77	TEAC Corporation
C	0C78	CHARGTRON IOT PRIVATE LIMITED
C	0C79	Zhuhai Smartlink Technology Co., Ltd
C	0C7A	Triductor Technology (Suzhou), Inc.
C	0C7B	PT SADAMAYA GRAHA TEKNOLOGI
C	0C7C	Mopeka Products LLC
C	0C7D	3ALogics, Inc.
C	0C7F	Rochester Sensors, LLC
C	0C80	CARDIOID - TECHNOLOGIES, LDA
C	0C81	Carrier Corporation
C	0C82	NACON
C	0C83	Watchdog Systems LLC
C	0C84	MAXON INDUSTRIES, INC.
C	0C85	Amlogic, Inc.
C	0C86	Qingdao Eastsoft Communication Technology Co.,Ltd
C	0C87	Weltek Technologies Company Limited
C	0C88	Nextivity Inc.
C	0C89	AGZZX OPTOELECTRONICS TECHNOLOGY CO., LTD
C	0C8A	A.GLOBAL co.,Ltd.
C	0C8B	Heavys Inc
C	0C8C	T-Mobile USA
C	0C8D	tonies GmbH
C	0C8E	Technocon Engineering Ltd.
C	0C8F	Radar Automobile Sales(Shandong)Co.,Ltd.
C	0C90	WESCO AG
C	0C91	Yashu Systems
C	0C92	Kesseböhmer Ergonomietechnik GmbH
C	0C93	Movesense Oy
C	0C94	Baxter Healthcare Corporation
C	0C95	Gemstone Lights Canada Ltd.
C	0C96	H+B Hightech GmbH
C	0C97	Deako
C	0C99	Vire Health Oy
C	0C9A	ALF Inc.
C	0C9B	NTT sonority, Inc.
C	0C9C	Sunstone-RTLS Ipari Szolgaltato Korlatolt Felelossegu Tarsasag
C	0C9D	Ribbiot, INC.
C	0C9F	Dragonfly Energy Corp.
C	0CA0	BIGBEN
C	0CA1	YAMAHA MOTOR CO.,LTD.
C	0CA2	XSENSE LTD
C	0CA3	MAQUET GmbH
C	0CA4	MITSUBISHI ELECTRIC LIGHTING CO, LTD
C	0CA5	Princess Cruise Lines, Ltd.
C	0CA6	Megger Ltd
C	0CA7	Verve InfoTec Pty Ltd
C	0CA8	Sonas, Inc.
C	0CA9	Mievo Technologies Private Limited
C	0CAA	Shenzhen Poseidon Network Technology Co., Ltd
C	0CAB	HERUTU ELECTRONICS CORPORATION
C	0CAC	Shenzhen Shokz Co.,Ltd.
C	0CAD	Shenzhen Openhearing Tech CO., LTD .
C	0CAE	Evident Corporation
C	0CAF	NEURINNOV
C	0CB0	SwipeSense, Inc.
C	0CB1	RF Creations
C	0CB2	SHINKAWA Sensor Technology, Inc.
C	0CB3	janova GmbH
C	0CB4	Eberspaecher Climate Control Systems GmbH
C	0CB5	Racketry, d. o. o.
C	0CB6	THE EELECTRIC MACARON LLC
C	0CB7	Cucumber Lighting Controls Limited
C	0CB9	seca GmbH & Co. KG
C	0CBA	Ameso Tech (OPC) Private Limited
C	0CBB	Emlid Tech Kft.
C	0CBD	Pricer AB
C	0CBF	Forward Thinking Systems LLC.
C	0CC0	Garnet Instruments Ltd.
C	0CC1	CLEIO Inc.
C	0CC2	Anker Innovations Limited
C	0CC3	HMD Global Oy
C	0CC4	ABUS August Bremicker Soehne Kommanditgesellschaft
C	0CC5	Open Road Solutions, Inc.
C	0CC6	Serial Technology Corporation
C	0CC7	SB C&S Corp.
C	0CC8	TrikThom
C	0CC9	Innocent Technology Co., Ltd.
C	0CCA	Cyclops Marine Ltd
C	0CCB	NOTHING TECHNOLOGY LIMITED
C	0CCC	Kord Defence Pty Ltd
C	0CCD	YanFeng Visteon(Chongqing) Automotive Electronic Co.,Ltd
C	0CCE	SENOSPACE LLC
C	0CCF	Shenzhen CESI Information Technology Co., Ltd.
C	0CD0	MooreSilicon Semiconductor Technology (Shanghai) Co., LTD.
C	0CD1	Imagine Marketing Limited
C	0CD2	EQOM SSC B.V.
C	0CD3	TechSwipe
C	0CD4	Reoqoo IoT Technology Co., Ltd.
C	0CD5	Numa Products, LLC
C	0CD6	HHO (Hangzhou) Digital Technology Co., Ltd.
C	0CD7	Maztech Industries, LLC
C	0CD8	SIA Mesh Group
C	0CD9	Minami acoustics Limited
C	0CDA	Wolf Steel ltd
C	0CDB	Circus World Displays Limited
C	0CDC	Ypsomed AG
C	0CDD	Alif Semiconductor, Inc.
C	0CDF	SHENZHEN CHENYUN ELECTRONICS CO., LTD
C	0CE0	VODALOGIC PTY LTD
C	0CE1	Regal Beloit America, Inc.
C	0CE2	CORVENT MEDICAL, INC.
C	0CE3	Taiwan Fuhsing
C	0CE4	Off-Highway Powertrain Services Germany GmbH
C	0CE5	Amina Distribution AS
C	0CE6	mwConnect
C	0CE7	TAG HEUER SA
C	0CE8	Dongguan Yougo Electronics Co.,Ltd.
C	0CE9	PEAG, LLC dba JLab Audio
C	0CEA	HAYWARD INDUSTRIES, INC.
C	0CEB	Shenzhen Tingting Technology Co. LTD
C	0CEC	Pacific Coast Fishery Services (2003) Inc.
C	0CED	CV. NURI TEKNIK
C	0CEE	MadgeTech, Inc
C	0CEF	POGS B.V.
C	0CF0	THOTAKA TEKHNOLOGIES INDIA PRIVATE LIMITED
C	0CF1	Midmark
C	0CF3	Radio Sound
C	0CF4	SOLUX PTY LTD
C	0CF5	BOS Balance of Storage Systems AG
C	0CF6	OJ Electronics A/S
C	0CF7	TVS Motor Company Ltd.
C	0CF8	core sensing GmbH
C	0CF9	Tamblue Oy
C	0CFA	Protect Animals With Satellites LLC
C	0CFB	Tyromotion GmbH
C	0CFC	ElectronX design
C	0CFE	Thule Group AB
C	0D01	KEEPEN
C	0D02	Rocky Mountain ATV/MC Jake Wilson
C	0D03	MakuSafe Corp
C	0D04	Bartec Auto Id Ltd
C	0D05	Energy Technology and Control Limited
C	0D06	doubleO Co., Ltd.
C	0D07	Datalogic S.r.l.
C	0D08	Datalogic USA, Inc.
C	0D09	Leica Geosystems AG
C	0D0A	CATEYE Co., Ltd.
C	0D0B	Research Products Corporation
C	0D0C	Planmeca Oy
C	0D0D	C.Ed. Schulte GmbH Zylinderschlossfabrik
C	0D0E	PetVoice Co., Ltd.
C	0D0F	Timebirds Australia Pty Ltd
C	0D10	JVC KENWOOD Corporation
C	0D12	Spartek Systems Inc.
C	0D13	MERRY ELECTRONICS CO., LTD.
C	0D14	Merry Electronics (S) Pte Ltd
C	0D15	Spark
C	0D16	Nations Technologies Inc.
C	0D17	Akix S.r.l.
C	0D18	Bioliberty Ltd
C	0D19	C.G. Air Systemes Inc.
C	0D1A	Maturix ApS
C	0D1B	RACHIO, INC.
C	0D1C	LIMBOID LLC
C	0D1D	Electronics4All Inc.
C	0D1E	FESTINA LOTUS SA
C	0D1F	Synkopi, Inc.
C	0D20	SCIENTERRA LIMITED
C	0D21	Cennox Group Limited
C	0D22	Cedarware, Corp.
C	0D23	GREE Electric Appliances, Inc. of Zhuhai
C	0D24	Japan Display Inc.
C	0D25	System Elite Holdings Group Limited
C	0D26	Burkert Werke GmbH & Co. KG
C	0D27	velocitux
C	0D28	FUJITSU COMPONENT LIMITED
C	0D29	MIYAKAWA ELECTRIC WORKS LTD.
C	0D2A	PhysioLogic Devices, Inc.
C	0D2B	Sensoryx AG
C	0D2C	SIL System Integration Laboratory GmbH
C	0D2D	Cooler Pro, LLC
C	0D2E	Advanced Electronic Applications, Inc
C	0D2F	Delta Development Team, Inc
C	0D30	Laxmi Therapeutic Devices, Inc.
C	0D31	SYNCHRON, INC.
C	0D32	Badger Meter
C	0D33	Micropower Group AB
C	0D34	ZILLIOT TECHNOLOGIES PRIVATE LIMITED
C	0D35	Universidad Politecnica de Madrid
C	0D36	XIHAO INTELLIGENGT TECHNOLOGY CO., LTD
C	0D37	Zerene Inc.
C	0D38	CycLock
C	0D3A	Frost Solutions, LLC
C	0D3B	Lone Star Marine Pty Ltd
C	0D3C	SIRONA Dental Systems GmbH
C	0D3D	bHaptics Inc.
C	0D3E	LUMINOAH, INC.
C	0D3F	Vogels Products B.V.
C	0D40	SignalFire Telemetry, Inc.
C	0D41	CPAC Systems AB
C	0D42	TEKTRO TECHNOLOGY CORPORATION
C	0D43	Gosuncn Technology Group Co., Ltd.
C	0D44	Ex Makhina Inc.
C	0D45	Odeon, Inc.
C	0D46	Thales Simulation & Training AG
C	0D47	Shenzhen DOKE Electronic Co., Ltd
C	0D48	Vemcon GmbH
C	0D49	Refrigerated Transport Electronics, Inc.
C	0D4A	Rockpile Solutions, LLC
C	0D4B	Soundwave Hearing, LLC
C	0D4D	Optec, LLC
C	0D4E	NIKAT SOLUTIONS PRIVATE LIMITED
C	0D4F	Movano Inc.
C	0D50	NINGBO FOTILE KITCHENWARE CO., LTD.
C	0D51	Genetus inc.
C	0D52	DIVAN TRADING CO., LTD.
C	0D53	Luxottica Group S.p.A
C	0D54	ISEKI FRANCE S.A.S
C	0D55	NO CLIMB PRODUCTS LTD
C	0D56	Wellang.Co,.Ltd
C	0D57	Nanjing Xinxiangyuan Microelectronics Co., Ltd.
C	0D58	ifm electronic gmbh
C	0D59	HYUPSUNG MACHINERY ELECTRIC CO., LTD.
C	0D5A	Gunnebo Aktiebolag
C	0D5B	Axis Communications AB
C	0D5D	Stogger B.V.
C	0D5E	Pella Corp
C	0D5F	SiChuan Homme Intelligent Technology co.,Ltd.
C	0D60	Smart Products Connection, S.A.
C	0D61	F.I.P. FORMATURA INIEZIONE POLIMERI - S.P.A.
C	0D62	MEBSTER s.r.o.
C	0D63	SKF France
C	0D64	Southco
C	0D65	Molnlycke Health Care AB
C	0D66	Hendrickson USA , L.L.C
C	0D67	BLACK BOX NETWORK SERVICES INDIA PRIVATE LIMITED
C	0D68	Status Audio LLC
C	0D69	AIR AROMA INTERNATIONAL PTY LTD
C	0D6A	Helge Kaiser GmbH
C	0D6B	Crane Payment Innovations, Inc.
C	0D6D	DYNAMOX S/A
C	0D6E	Look Cycle International
C	0D6F	Closed Joint Stock Company NVP BOLID
C	0D70	Kindhome
C	0D71	Kiteras Inc.
C	0D72	Earfun Technology (HK) Limited
C	0D73	iota Biosciences, Inc.
C	0D74	ANUME s.r.o.
C	0D75	Indistinguishable From Magic, Inc.
C	0D76	i-focus Co.,Ltd
C	0D77	DualNetworks SA
C	0D78	MITACHI CO.,LTD.
C	0D79	VIVIWARE JAPAN, Inc.
C	0D7A	Xiamen Intretech Inc.
C	0D7B	MindMaze SA
C	0D7C	BeiJing SmartChip Microelectronics Technology Co.,Ltd
C	0D7D	Taiko Audio B.V.
C	0D7E	Daihatsu Motor Co., Ltd.
C	0D7F	Konova
C	0D80	Gravaa B.V.
C	0D81	Beyerdynamic GmbH & Co. KG
C	0D82	VELCO
C	0D83	ATLANTIC SOCIETE FRANCAISE DE DEVELOPPEMENT THERMIQUE
C	0D84	Testo SE & Co. KGaA
C	0D85	SEW-EURODRIVE GmbH & Co KG
C	0D86	ROCKWELL AUTOMATION, INC.
C	0D87	Quectel Wireless Solutions Co., Ltd.
C	0D89	Nanohex Corp
C	0D8A	Simply Embedded Inc.
C	0D8B	Software Development, LLC
C	0D8C	Ultimea Technology (Shenzhen) Limited
C	0D8D	RF Electronics Limited
C	0D8E	Optivolt Labs, Inc.
C	0D8F	Canon Electronics Inc.
C	0D90	LAAS ApS
C	0D91	Beamex Oy Ab
C	0D92	TACHIKAWA CORPORATION
C	0D93	HagerEnergy GmbH
C	0D95	Hunter Industries Incorporated
C	0D96	NEOKOHM SISTEMAS ELETRONICOS LTDA
C	0D97	Zhejiang Huanfu Technology Co., LTD
C	0D98	E.F. Johnson Company
C	0D99	Caire Inc.
C	0D9A	Yeasound (Xiamen) Hearing Technology Co., Ltd
C	0D9B	Boxyz, Inc.
C	0D9C	Skytech Creations Limited
C	0D9D	Cear, Inc.
C	0D9E	Impulse Wellness LLC
C	0D9F	MML US, Inc
C	0DA0	SICK AG
C	0DA1	Fen Systems Ltd.
C	0DA2	KIWI.KI GmbH
C	0DA3	Airgraft Inc.
C	0DA4	HP Tuners
C	0DA5	PIXELA CORPORATION
C	0DA6	Generac Corporation
C	0DA7	Novoferm tormatic GmbH
C	0DA8	Airwallet ApS
C	0DA9	Inventronics GmbH
C	0DAA	Shenzhen EBELONG Technology Co., Ltd.
C	0DAB	Efento
C	0DAC	ITALTRACTOR ITM S.P.A.
C	0DAE	TITUM AUDIO, INC.
C	0DAF	Hexagon Aura Reality AG
C	0DB0	Invisalert Solutions, Inc.
C	0DB1	TELE System Communications Pte. Ltd.
C	0DB2	Whirlpool
C	0DB3	SHENZHEN REFLYING ELECTRONIC CO., LTD
C	0DB4	Franklin Control Systems
C	0DB5	Djup AB
C	0DB6	SAFEGUARD EQUIPMENT, INC.
C	0DB7	Morningstar Corporation
C	0DB8	Shenzhen Chuangyuan Digital Technology Co., Ltd
C	0DB9	CompanyDeep Ltd
C	0DBA	Veo Technologies ApS
C	0DBB	Nexis Link Technology Co., Ltd.
C	0DBC	Felion Technologies Company Limited
C	0DBD	MAATEL
C	0DBE	HELLA GmbH & Co. KGaA
C	0DBF	HWM-Water Limited
C	0DC0	Shenzhen Jahport Electronic Technology Co., Ltd.
C	0DC1	NACHI-FUJIKOSHI CORP.
C	0DC2	Cirrus Research plc
C	0DC3	GEARBAC TECHNOLOGIES INC.
C	0DC4	Hangzhou NationalChip Science & Technology Co.,Ltd
C	0DC5	DHL
C	0DC6	Levita
C	0DC7	MORNINGSTAR FX PTE. LTD.
C	0DC8	ETO GRUPPE TECHNOLOGIES GmbH
C	0DC9	farmunited GmbH
C	0DCA	Aptener Mechatronics Private Limited
C	0DCB	GEOPH, LLC
C	0DCC	Trotec GmbH
C	0DCD	Astra LED AG
C	0DCE	NOVAFON - Electromedical devices limited liability company
C	0DCF	KUBU SMART LIMITED
C	0DD0	ESNAH
C	0DD1	OrangeMicro Limited
C	0DD2	Fresh n Rebel B.V.
C	0DD3	Global Satellite Engineering
C	0DD4	KOQOON GmbH & Co.KG
C	0DD5	BEEPINGS
C	0DD6	MODULAR MEDICAL, INC.
C	0DD7	Xiant Technologies, Inc.
C	0DD9	SCHELL GmbH & Co. KG
C	0DDA	Minebea Intec GmbH
C	0DDB	KAGA FEI Co., Ltd.
C	0DDC	AUTHOR-ALARM, razvoj in prodaja avtomobilskih sistemov proti kraji, d.o.o.
C	0DDD	Tozoa LLC
C	0DDE	SHENZHEN DNS INDUSTRIES CO., LTD.
C	0DDF	Shenzhen Lunci Technology Co., Ltd
C	0DE0	KNOG PTY. LTD.
C	0DE1	Outshiny India Private Limited
C	0DE2	TAMADIC Co., Ltd.
C	0DE3	Shenzhen MODSEMI Co., Ltd
C	0DE4	EMBEINT INC
C	0DE5	Ehong Technology Co.,Ltd
C	0DE6	DEXATEK Technology LTD
C	0DE7	Dendro Technologies, Inc.
C	0DE8	Vivint, Inc.
C	0DE9	General Laser GmbH
C	0DEA	Kathrein Solutions GmbH
C	0DEB	Fitz Inc.
C	0DEC	ATEGENOS PHARMACEUTICALS INC
C	0DED	Flextronic GmbH
C	0DEE	Safety Swim LLC
C	0DEF	SING SUN TECHNOLOGY (INTERNATIONAL) LIMITED
C	0DF0	Woncan (Hong Kong) Limited
C	0DF1	iFLYTEK (Suzhou) Technology Co., Ltd.
C	0DF2	Weber-Stephen Products LLC
C	0DF3	hDrop Technologies Inc.
C	0DF4	REEKON TOOLS INC.
C	0DF5	Delta Faucet Company
C	0DF6	Mutrack Co., Ltd
C	0DF7	Hangzhou Zhaotong Microelectronics Co., Ltd.
C	0DF8	Chengdu CSCT Microelectronics Co., Ltd.
C	0DF9	Belusun Technology Ltd.
C	0DFA	Shenzhen Matches IoT Technology Co., Ltd.
C	0DFB	Beidou Intelligent Connected Vehicle Technology Co., Ltd.
C	0DFC	SOJI ELECTRONICS JOINT STOCK COMPANY
C	0DFD	BH Technologies
C	0DFE	Haptech, Inc.
C	0DFF	WaveRF, Corp.
C	0E00	SHENZHEN SOUNDSOUL INFORMATION TECHNOLOGY CO.,LTD
C	0E01	Wuhu Mengbo Technology Co., Ltd.
C	0E02	PROSYS DEV LIMITED
C	0E03	Shenzhen eMeet technology Co.,Ltd
C	0E04	Doro AB
C	0E05	SUREPULSE MEDICAL LIMITED
C	0E06	iodyne, LLC
C	0E07	Pinpoint GmbH
C	0E08	Heinrich Kopp GmbH
C	0E09	Evolutive Systems SL
C	0E0B	Sounding Audio Industrial Ltd.
C	0E0C	Yuanfeng Technology Co., Ltd.
C	0E0D	FrontAct Co., Ltd.
C	0E0F	SenseWorks Tecnologia Ltda.
C	0E10	Eko Health, Inc.
C	0E11	Wanzl GmbH & Co. KGaA
C	0E12	CLEVER LOGGER TECHNOLOGIES PTY LIMITED
C	0E13	ASYSTOM
C	0E14	Heilongjiang Tianyouwei Electronics Co.,Ltd.
C	0E15	Eastern Partner Limited
C	0E16	Xiamen RUI YI Da Electronic Technology Co.,Ltd
C	0E17	Ad Hoc Electronics, llc.
C	0E18	Hangzhou Microimage Software Co.,Ltd.
C	0E19	Hive-Zox International SA
C	0E1A	Sensovo GmbH
C	0E1B	Time Location Systems AS
C	0E1C	SHENZHEN DIGITECH CO., LTD
C	0E1D	Capte B.V.
C	0E1E	9512-5837 QUEBEC INC.
C	0E1F	Blecon Ltd
C	0E20	CFLAB TEKNOLOJI TICARET LIMITED SIRKETI
C	0E21	FOGO
C	0E22	HITO INC
C	0E23	MS kajak7 UG (limited liability)
C	0E24	Avedis Zildjian Co.
C	0E25	Hangzhou Hikvision Digital Technology Co., Ltd.
C	0E26	LIHJOEN SPEED METER CO., LTD.
C	0E27	NextSense, Inc.
C	0E28	PatchRx, Inc.
C	0E29	Flipper Devices Inc.
C	0E2A	Huizhou Foryou General Electronics Co., Ltd.
C	0E2B	JE electronic a/s
C	0E2C	9313-7263 Quebec inc.
C	0E2D	ECARX (Hubei) Tech Co.,Ltd.
C	0E2E	NIHON KOHDEN CORPORATION
C	0E2F	ONWI
C	0E30	Primax Electronics Ltd.
C	0E31	AlphaTheta Corporation
C	0E32	PACIFIC INDUSTRIAL CO., LTD.
C	0E33	Crescent NV
C	0E34	Vermis, software solutions llc
C	0E35	SNAPPWISH LLC
C	0E36	Cousins and Sears LLC
C	0E37	CESYS Gesellschaft für angewandte Mikroelektronik mbH
C	0E38	SLOC GmbH
C	0E39	IRES Infrarot Energie Systeme GmbH
C	0E3A	OFIVE LIMITED
C	0E3B	Swift IOT Tech (Shenzhen) Co., LTD.
C	0E3C	Viselabs
C	0E3D	Walmart Inc.
C	0E3E	VANBOX
C	0E3F	Wiser Devices, LLC
C	0E40	WKD Labs Ltd
C	0E41	Asustek Computer Inc.
C	0E42	Z-ONE Technology Co., Ltd.
C	0E43	InnoVision Medical Technologies, LLC
C	0E44	QUANTATEC
C	0E45	Filo Srl
C	0E46	SOUNDUCT
C	0E47	Hosiden Besson Limited
C	0E48	KARLUNA MUHENDISLIK SANAYI VE TICARET ANONIM SIRKETI
C	0E49	Deone (Shanghai) Communication & Technology Co., Ltd
C	0E4A	Nitto Denko Corporation
C	0E4B	PUDSEY DIAMOND ENGINEERING LIMITED
C	0E4C	Luxshare Precision Industry Co., Ltd.
C	0E4D	Brooksee, Inc.
C	0E4E	QSC, LLC
C	0E4F	eBet Gaming Sytems Pty Limited
C	0E50	Zhejiang Desman Intelligent Technology Co., Ltd.
C	0E51	Dyaco International Inc.
C	0E52	Aquana, LLC
C	0E53	MINIRIG
C	0E54	After Technologies AS
C	0E55	New Cosmos Electric Co., Ltd.
C	0E56	INEPRO Metering B.V.
C	0E57	Altina Inc.
C	0E58	Urban Armor Gear, LLC
C	0E59	Loewe Technology GmbH
C	0E5A	OmniWave Microelectronics Shanghai Co., Ltd
C	0E5B	Wuhu Hongjing Electronic Co.,Ltd
C	0E5C	Rocoto Ltd
C	0E5D	L.T.H. Electronics Limited
C	0E5E	SHAPER TOOLS, INC.
C	0E5F	Ruptela
C	0E60	Ant Group Co., Ltd.
C	0E61	Queclink Wireless Solutions Co., Ltd.
C	0E62	GOKI PTY LTD
C	0E63	LAST LOCK INC.
C	0E64	HuiTong intelligence Company Limited
C	0E65	Daikin Industries, LTD
C	0E66	Shenzhen Baseus Technology Co., Ltd.
C	0E67	NEXT DEVICES LTDA
C	0E69	Megatronix (Beijing) Technology Co., Ltd
C	0E6A	Hyena Inc.
C	0E6B	Shenzhen Goodocom Information Technology Co., Ltd.
C	0E6C	RIGH, INC.
C	0E6F	OpConnect, Inc.
C	0E70	Powerstick.com
C	0E71	ENABLEWEAR LLC
C	0E73	Adventures of the Persistently Impaired (and other tales) Limited
C	0E74	Rocky Radios LLC
C	0E75	Le Touch (Shenzhen) Electronics Co., Ltd.
C	0E76	Guangdong Nanguang Photo&Video Systems Co., Ltd.
C	0E77	MOBILE TECH, INC.
C	0E78	HONG KONG COMMUNICATIONS COMPANY LIMITED
C	0E79	Neptune First OU
C	0E7A	Vivago Oy
C	0E7B	Circular
C	0E7C	final Inc.
C	0E7D	Jiangsu XinTongda Electric Technology Co.,Ltd.
C	0E7E	Archon Controls LLC
C	0E7F	SZR-Dev UG
C	0E80	IQNEXXT Solutions GmbH
C	0E81	Guangdong Hengqin Xingtong Technology Co.,ltd.
C	0E82	CHEVALIER TECH LIMITED
C	0E83	SPRiNTUS GmbH
C	0E84	Tymphany HK Ltd
C	0E85	TigerLight, Inc.
C	0E86	Mercury Marine, a division of Brunswick Corporation
C	0E87	OpenTech Alliance, Inc.
C	0E88	Skewered Fencing, LLC
C	0E89	Brudden
C	0E8A	Tele-Radio i Lysekil AB
C	0E8B	Allgon AB
C	0E8C	Gopod Group Holding Limited
C	0E8D	Celebrities Management Private Limited
C	0E8E	Nobest Inc
C	0E8F	Avetos Design LLC
C	0E90	RainMaker Solutions, Inc.
C	0E91	Identita Inc.
C	0E92	Glutz AG
C	0E93	MIV ELECTRONICS, LTD
C	0E94	Tactrix
C	0E95	Viaanix, Inc.
C	0E96	Skeed,co,Ltd.
C	0E97	kokoromil Inc.
C	0E98	Chromatic Inc.
C	0E99	Medibound, Inc.
C	0E9A	Scanbro OU
C	0E9B	Panasonic Automotive Systems Co., Ltd.
C	0E9C	Andrews & Arnold Ltd
C	0E9D	Audinor ApS
C	0E9E	Travelxp India Private Limited
C	0E9F	Owlet Baby Care Inc.
C	0EA0	ENLESS WIRELESS
C	0EA1	Culligan International Company
C	0EA2	QIKCONNEX LLC
C	0EA3	OLIS ELECTRONICS, LLC
C	0EA4	BiTECH Automotive (Wuhu) Co.,Ltd
C	0EA6	AMG Lab LLC
C	0EA7	BrickXter GmbH
C	0EA8	Dongguan Trangjan Industrial Co., Ltd
C	0EA9	Makichie Co., Ltd.
C	0EAB	STEYR Sport GmbH
C	0EAC	Dynetrex Solutions Inc.
C	0EAD	OPTRON Co., Ltd.
C	0EAE	BHClears Microelectronics (Shanghai) Co., Ltd.
C	0EAF	Unfolded Circle ApS
C	0EB0	FactorySense
C	0EB1	WearNex Limited
C	0EB2	PRADCO Outdoor Brands
C	0EB3	Zucchetti Axess
C	0EB4	BLUEFIN DATA, LLC
C	0EB5	Preseed Japan Corporation
C	0EB6	Server Products, Inc.
C	0EB7	Embedded Solutions LLC
C	0EBA	THERMY LTD
C	0EBB	Asahi Denso Co.,Ltd.
C	0EBC	GP Acoustics International Limited
C	0EBD	Tongfang Health Technology (Beijing) Co., Ltd.
C	0EBE	Deity Acoustic Technology Co.
C	0EBF	Schulte-Schlagbaum AG
C	0EC0	WEST inx Ltd.
C	0EC1	Crossdoor
C	0EC2	High Entropy, LLC
C	0EC3	Herschel Infrared Ltd
C	0EC4	PACIFIC MARINE BATTERIES PTY. LIMITED
C	0EC5	Alibaba (China) Co., Ltd.
C	0EC6	AuthGate B.V.
C	0EC7	Canyon Bicycles GmbH
C	0EC8	Codie LLC
C	0EC9	NeuroPace Inc
C	0ECA	NexRev LLC
C	0ECB	Zhong Shan City Richsound Electronic Industrial Ltd.
C	0ECC	Shenzhen NEOECO Technology Co., Ltd.
C	0ECD	Nature Inc.
C	0ECE	Guangzhou Honor Microelectronic Co.,Ltd.
C	0ECF	GGEC America, Inc.
C	0ED0	Gibson, Inc.
C	0ED1	VINYL MATT MEDIA LIMITED
C	0ED2	SHENZHEN BESTWAY ELECTRONICS CO.,LTD
C	0ED3	Lichens Innovation inc.
C	0ED4	Goerdyna Group Co., Ltd
C	0ED5	Relish Technologies Limited
C	0ED6	Quintessential Design, Inc.
C	0ED7	CS INSTRUMENTS GmbH & Co.KG
C	0ED8	DORAN MFG. LLC
C	0ED9	Overhead Door Corporation
C	0EDA	Kodira GmbH
C	0EDB	ShenZhen BoYiChuangXin
C	0EDC	Shenzhen Zoqin Technology Co., Ltd.
C	0EDD	Ceridwen Limited
C	0EDE	Sony Honda Mobility Inc.
C	0EDF	Dynaudio A/S
C	0EE0	MAERSK CONTAINER INDUSTRY A/S
C	0EE1	MA MICRO LIMITED
C	0EE2	shenzhen hongever technology Co,. Ltd
C	0EE3	TAMRON Co., Ltd.
C	0EE4	CAPTEMP, LDA
C	0EE5	Ambient Life Inc.
C	0EE6	NOCTRIX HEALTH, INC
C	0EE7	RICKARD AIR DIFFUSION (PTY) LTD
C	0EE8	SG Armaturen AS
C	0EE9	PIXEL TI IND. E COM PROD ELETRONICOS
C	0EEA	Core Devices LLC
C	0EEB	Fujita Electric Works, Ltd
C	0EEC	Willow Laboratories, Inc.
C	0EED	BBC Bircher AG
C	0EEE	ELLEA INGEGNERIA SRL UNIPERSONALE
C	0EEF	Q42 Internet B.V.
C	0EF0	Seaward Electronic
C	0EF1	Wuxi Does IOT Co., Ltd
C	0EF3	Monil AS
C	0EF5	LS ELECTRIC Co., Ltd.
C	0EF6	Shenzhen Cyber Innovation Technology Co., Ltd.
C	0EF7	Trackonomy Systems, Inc.
C	0EF8	IoT Solutions Malta Limited
C	0EF9	Aseptico, Inc.
C	0EFA	Sensear Pty Ltd
C	0EFB	BLUEPROVIDERZ LLC
C	0EFC	Jano Life Inc.
C	0EFD	PRIMES GmbH
C	0EFE	Teledyne Instruments, Inc.
C	0EFF	Healthcare Technology Limited
C	0F00	TRACERCO LIMITED
C	0F01	HAPPLABS SOFTWARE PRIVATE LIMITED
C	0F02	GE HEALTHCARE TECHNOLOGIES INC.
C	0F03	Olibra LLC
C	0F04	Lumen Labs (HK) Ltd
C	0F05	SHENZHEN GWSTAI TECHNOLOGY CO.,LTD
C	0F06	SHENZHEN POWEROAK NEWENER CO., LTD
C	0F07	Tech OVN Private Limited
C	0F08	Lezyne USA Inc.
C	0F09	ANC CHINA LIMITED
C	0F0A	LION GROUP, INC.
C	0F0B	Brightway Innovation Intelligent Technology (Suzhou) Co., Ltd.
C	0F0C	Hitachi Industrial Equipment Systems Co.,Ltd.
C	0F0D	Maennl Elektronik GmbH
C	0F0E	IDEATRONIK Limited Liability Company
C	0F0F	caive Inc.
C	0F10	ShenZhen Doctors of Intelligence & Technology Co.,Ltd
C	0F11	Deep and Steep LLC
C	0F12	Endur ID, Inc.
C	0F13	Freshape SA
C	0F14	PreEvnt, LLC
C	0F15	Oval Corporation
C	0F16	ADHD Friendly co.Ltd
C	0F17	RORENTECH Co., Ltd.
C	0F18	iKeyless, LLC
C	0F19	Shenzhen SuperSound Technology Co.,Ltd
C	0F1A	FLO SCIENCES, LLC
C	0F1B	PalatiumCare LLC
C	0F1C	Edge Semiconductors Inc.
C	0F1D	ZIMMERMANN PV-Steel Group GmbH & Co. KG
C	0F1E	Yolni Inc.
C	0F1F	Ninebot (Changzhou) Tech Co., Ltd.
C	0F20	Beijing Spring Creation Technology Co., Ltd.
C	0F21	Rokk Limited
C	0F22	ONESPACE TECHNOLOGIES (PTY) LTD
C	0F23	Yuquan Semiconductor (Xiamen) Co., Ltd.
C	0F24	Easy Measure Co., Ltd.
C	0F25	Sichuan Changhong Neonet Technologies Co.,Ltd.
C	0F26	Centromere Holding B.V.
C	0F27	Global Link Distribution Corp.
C	0F28	Amp Fit Israel LTD
C	0F29	Trezor Company s.r.o.
C	0F2A	KELLER Druckmesstechnik AG
C	0F2B	ElitEngineering LLC
C	0F2C	Vision Group Inc.
C	0F2D	ClipsClips LLC
C	0F2E	BRITZ INTERNATIONAL CO.,LTD
C	0F2F	ThingCo Limited
C	0F30	Opal Camera, Inc.
C	0F31	TECHNOLOGIES FOR FREERIDE s.r.o
C	0F32	FLINTEC UK LIMITED
C	0F33	TETNET
C	0F34	NINGBO SHARKWARD ELECTRONICS CO.,LTD
C	0F35	Audeze LLC
C	0F36	NODER Joint Stock Company
C	0F37	Schueco International KG
C	0F38	GILL INSTRUMENTS LIMITED
C	0F39	Seitron Spa
C	0F3A	Southern Audio Services, Inc
C	0F3B	SANWA NEWTEC CO.,LTD.
C	0F3C	Mobile Technology Solutions LLC
C	0F3D	Vitio Medical S.L.
C	0F3E	Salyx Medical Inc.
C	0F3F	Landig + Lava GmbH & Co. KG
C	0F40	Health Data Insight C.I.C.
C	0F41	BONX INC.
C	0F42	LINKEDCHIP TECHNOLOGY INC
C	0F43	12mm Health Technology (Hainan) Co., Ltd.
C	0F44	MAVERICK ENERGY SOLUTIONS INTERNATIONAL,INC
C	0F45	Tactica Defense LLC
C	0F46	Huizhou Meicanxin Electronics Technology Co.,Ltd
C	0F47	Lodestar Technology Inc.
C	0F49	IYO INC.
C	0F4A	Mitsubishi Motors Corporation
C	0F4B	desamisCo.,Ltd.
C	0F4C	JL WORLD CORPORATION LIMITED
C	0F4D	Qulinda AB
C	0F4E	Ningbo Dooya Mechanic & Electronic Technology Co., Ltd
C	0F4F	G-Vision GmbH
C	0F50	Lantern Innovations Incorporated
C	0F51	ebm-papst Mulfingen GmbH & Co. KGaA & Co. KG
C	0F52	Shenzhen Yunke Intelligent Co.Ltd
C	0F53	Fledt & Meiton Marin AB
C	0F54	ContiTech Deutschland GmbH
C	0F55	Sensoteq Ltd
C	0F56	Astute Access Group Limited
C	0F57	Silverlake Technologies
C	0F58	Shenzhen Guo-link Technology Co.,Ltd.
C	0F59	Silicon Vandals PTY LTD
C	0F5A	Vibe Energy B.V.
C	0F5B	shanghai fudan electronics group company Co. Ltd
C	0F5C	Micro Technology Services, Inc.
C	0F5D	Leapcraft ApS
C	0F5E	WUXI WEIDA INTELLIGENT ELECTRONICS CO.,LTD.
C	0F5F	ROBSON SRL
C	0F61	HyolimXE Co., Ltd.
C	0F62	Kehwin Technologies Co. Ltd.
C	0F63	WATTER, Inc.
C	0F64	SafeNow GmbH
C	0F65	CZV, Inc
C	0F66	BIGREDBEE, LLC
C	0F67	White Eagle Sonic Technologies, Inc.
C	0F68	Navico
C	0F69	Ancoe Industry Corporation
C	0F6A	Roam Devices LLC
C	0F6B	Skywalk Inc.
C	0F6C	Biogents AG
C	0F6D	MODRETRO, INC.
C	0F6E	iSi Wearable Safety GmbH
C	0F6F	onanoff limited
C	0F70	TECHFLITTER SOLUTIONS PRIVATE LIMITED
C	0F71	PIRITIZ LLC
C	0F72	FLORLINK, INC.
C	0F73	Keycafe Inc.
C	0F74	Sperry Labs LLC
C	0F75	Senseonics, Incorporated
C	0F76	simatec ag
C	0F77	CROSS BRAIN CO.,Ltd.
C	0F78	Also, Inc.
C	0F79	Walter Mueller Inc. for Industrial Electronics
C	0F7A	SHENZHEN GUANG QI GUO CHUANG TECHNOLOGY CO.,LTD
C	0F7B	SKYROAM, INC.
C	0F7C	Polk Audio
C	0F7D	eQ-3 AG
C	0F7E	shenzhen Holyiot Technology Co.,Ltd
C	0F7F	Badass eBikes GmbH
C	0F80	Hydro Electronic Devices, Inc.
C	0F81	IN Phase International lTD
C	0F82	Amon Co.Ltd.
C	0F83	Calpeda S.p.A.
C	0F84	KT Micro, Inc.
C	0F85	Hangzhou Sciener Smart Technology Co., Ltd.
C	0F86	Lakecrest Pty Ltd
C	0F87	Anacove Inc.
C	0F88	Kohler Ventures, Inc.
C	0F89	STOREIO TECHNOLOGIES LTD
C	0F8A	Innogando S.L.
C	0F8B	A.Y. McDonald Mfg. Co.
C	0F8C	ROYAL PARTS CO.,LTD
C	0F8D	JUREN CO., LTD.
C	0F8E	Biceek Inc
C	0F8F	SIGNUM INTELLIGENCE LTD
C	0F90	MOBI7 TECNOLOGIA EM MOBILIDADE S.A.
C	0F91	Valostra Digital Ventures LLP
C	0F92	Ethos Group, Inc.
C	0F93	Aktiebolaget Ebeco
C	0F94	IDX Company, Ltd.
C	0F95	Dongguang Huasoo Automation Technology Company Limited
C	0F96	SEIKOIST, INC
C	0F97	SPX Aids to Navigation Oy
C	0F98	Fitnexa Inc
C	0F99	DEZINE GROUP LLC
C	0F9A	Eiritsu Electronics Industry Co., Ltd.
C	0F9B	Hanshow Technology Co.,Ltd.
C	0F9C	WePower Technologies LLC
C	0F9D	IRTrans GmbH
C	0F9E	Hibino Corporation
C	0F9F	Seiko Future Creation Inc.
C	0FA0	DP IOT
C	0FA1	PALRED RETAIL PRIVATE LIMITED
C	0FA2	BIA NEUROSCIENCE INC.
C	0FA3	B.E.G. Brueck Electronic GmbH
C	0FA4	Nice Spa
C	0FA5	Avanos Medical, Inc.
C	0FA6	Ugreen Group Limited
C	0FA7	spheretek japan
C	0FA8	Senti Technologies Private Limited
C	0FA9	Ranch Systems, Inc.
C	0FAA	Suzhou Fanxi Technology Co., Ltd.
C	0FAB	Geo Radar AI Private Limited
C	0FAC	Flitsmeister B.V.
C	0FAD	The AI Toy Company
C	0FAE	Capacite
C	0FAF	Terasite Technologies
C	0FB0	General Resistance, LLC
C	0FB1	Avivomed Inc.
C	0FB2	PLAUD Inc.
C	0FB3	Hooked Society Oy Ltd
C	0FB4	StoneDevices
C	0FB5	Hangzhou Nano IC Technologies Co,. Ltd
C	0FB6	TQ-Systems GmbH
C	0FB7	Hapn Holdings, LLC
C	0FB8	SITERWELL ELECTRONICS CO.,LIMITED
C	0FB9	Shenzhen Mutual Technology Co., Ltd
C	0FBA	Cosonic Intelligent Technologies Co., Ltd.
C	0FBB	Rollease Acmeda, Inc.
C	0FBC	ATANS TECHNOLOGY INC.
C	0FBD	Locus Robotics Corp.
C	0FBE	TaigaIoT
C	0FBF	Tridentify AB
C	0FC0	Littlebird Connected Care, Inc.
C	0FC1	Air Automotive tracking Inc.
C	0FC2	ISSPRO, INC
C	0FC3	Shenzhen Jimi loT Co.,Ltd
C	0FC4	FulScience Automotive Electronics Co., Ltd.
C	0FC5	Hypershell Co., Ltd
C	0FC6	ASD Lighting PLC
C	0FC7	Pharox B.V.
C	0FC8	Eforthink Technology Co., Ltd.
C	0FC9	Zirbel Bike GmbH
C	0FCA	Legato Audio, Inc.
C	0FCB	Biocorp Production
C	0FCC	Neurotherapeutics Ltd
C	0FCD	Wimate Technology Solutions Pvt Ltd
C	0FCE	NOJA Power
C	0FCF	Nestlab AS
C	0FD0	Stark Future SL
C	0FD1	Auranova LLC
C	0FD2	Domteknika S.A
C	0FD3	YDIIT Co., Ltd
C	0FD4	QRITAGYA LLP
C	0FD5	Telemacy Ltd
C	0FD6	LIOTYS
C	0FD7	Hondata, Inc.
C	0FD8	SIVA Inotec Limited
C	0FD9	REMDEVICE S.R.L.
C	0FDA	NIVELCO PROCESS CONTROL CO.
C	0FDC	Beijing Hongsi Electronic Technology Co.,Ltd.
C	103A	FOSS Analytical A/S
C	103D	Blahaj Ltd
C	103E	Nextorage Corporation
C	103F	infyni
C	1040	Raspberry Pi
C	1041	Shenzhen Huasheng Jiaye Technology Co., Ltd
C	1042	Namara Water Technologies, Inc
C	1043	Shanghai Holychip Electronic Co., Ltd.
C	1044	Rotarex S.A.
C	1045	VOTRONIC Elektronik-Systeme GmbH
C	1046	EXELIO S.R.L.
C	1047	Yamaha Motor eBike Systems GmbH
C	1048	Ferrari s.p.a.
C	1049	Anhui Ubico Advanced Manufacture Co., Ltd.
C	104A	Mueller-BBM Rail Technologies GmbH
C	104B	Yoto Limited
C	104C	LAUMAS Elettronica S.r.l.
C	104D	BUND MEDIA PTY. LTD.
C	104E	LSC Control Systems Pty Ltd
C	104F	Safety Lighting Research Pty Ltd
C	1050	Hangzhou Sneuro Medical Co., Ltd.
C	1051	UnlimitedIRL LLC
C	1052	CHOZEN International CO., LTD.
C	1053	Sensorworx, Inc.
C	1054	Romcor Pty Ltd
C	1055	NewNet, Inc.
C	1056	CLM-Solutions
C	1057	RSA Security LLC
C	1058	Gravity (Shenzhen)Space Technology Co., Ltd
C	1059	Shenzhen Shuye Technology Co.,Ltd.
C	105A	ArjoHuntleigh AB
C	105B	Fairbanks Scales Inc.
C	105C	YANMAR HOLDINGS CO., LTD.
C	105D	Williams Sound, LLC
C	105E	Zuuka Limited
C	105F	Chip-pump Microelectronics
C	1060	TOMOE VALVE CO.,LTD
C	1061	VCS Vision Control Solutions GmbH
C	1062	Framason Audio S.A
C	1063	Field Line Automation Ltd
C	1064	Shearwater Research Inc.
C	1065	HIGH HIT ENTERPRISE CO., LTD.
C	1066	Algiz AS
C	1067	Shenzhen FHX Precision Hardware & Plastic Co., Ltd.
C	1068	Hotron Co., Ltd.
C	1069	Remoticom B.V.
C	106A	OSKEY
C	106B	GORDON MURRAY GROUP LIMITED
C	106C	Global Electronics
C	106D	Rokstar Holdings Limited
C	106E	STRYDE LIMITED
C	106F	Prosaris Solutions Ltd.
C	1070	TLV Co.,LTD.
C	1071	IZYBAT
C	1072	ALTESSA SOLUTIONS INC.
C	1073	Hong Kong Future lntelligent Technology Co., Limited
C	1074	CenTrak, Inc.
C	1075	TM-TECHNOLOGIES, JSC
C	1076	ALPHADIF
C	1077	Shenzhen Muyu Technology Co., Ltd.
C	1078	augment AI Inc.
C	1079	Digimax Innovative Products LTD.
C	107A	CodaHD LLC
C	107B	E.J. Brooks Company
C	107C	Martin.Care GmbH
C	107D	IMPACT-BZ LTD
C	107E	Belford investment holdings pty ltd
C	107F	Anton Paar ConsumerTec GmbH
C	1080	Knit Sound Company
C	1081	Australis Scientific Pty Ltd.
C	1082	AIR PRODUCTS AND CHEMICALS, INC.
C	1083	SYSTEM LOCO LTD
C	1084	24x8, LLC
C	1085	FUTURE INTELLIGENCE TECHNOLOGY SINGAPORE PTE. LTD.
C	1086	M3SH TECHNOLOGY INC.
C	1087	Matisse Interactif inc.
C	1088	Sesame AI, Inc.
C	1089	DEER MANAGEMENT SYSTEMS, LLC
C	108A	Grayhill Inc.
C	108B	PERUN TECH SP. Z O.O.
C	108C	Tiny Displays Inc.
C	108D	DEWINE Labs GmbH
C	108E	Industrial Computing Limited
C	108F	SkyCell AG
C	1090	NAGANO KEIKI CO., LTD.
C	1091	COSEL ELEKTRONIK OTOMASYON SISTEMLERI SANAYI VE TICARET LIMITED SIRKETI
C	1092	BXB DIGITAL PTY LIMITED
C	1093	Mindspire Limited
C	1094	Personal Products Co., Ltd.
C	1095	CardiaMetrics
C	1096	Aktv8 LLC
C	1097	Knox Associates, Inc.
C	1098	smart-TEC GmbH & Co. KG
C	1099	Selco GmbH
C	109A	MONNIT CORPORATION
C	109B	Tensoli GmbH
C	109C	KIBLE
C	109D	terumo
C	109E	SHIBAURA ELECTRONICS CO., LTD.
C	109F	Shenzhen Hali-Power Industrial Co., Ltd.
C	10A0	inContAlert GmbH
C	10A1	flexlog GmbH
C	10A2	Audio Research Corporation
C	10A3	BQT Solutions (NZ) Limited
C	10A4	RAPIDISE TECHNOLOGY PRIVATE LIMITED
C	10A5	Cebreo Medical A/S
C	10A6	Lightnovo ApS
C	10A7	Pedigree Technologies, LLC
C	10A8	Zhejiang Wanyou Intelligent Technology Co., Ltd.
C	10A9	Mallow
C	10AA	Sigenergy Technology Co., Ltd.
C	10AB	ObjectSpectrum, LLC
C	10AC	ATsens Co.,Ltd.
C	10AD	CoreHW Semiconductor Oy
C	10AE	Raycon Inc.
C	10AF	Hangzhou SDIC Microelectronics Inc.
C	10B0	VSC Synapse LLC
C	10B1	Senops Tracker, LLC
C	10B2	Shenzhen Xunzong Zhilian Technology Co., Ltd.
C	10B3	HOSEOTELNET Co., Ltd.
C	10B4	Solabs Technology (HK) Co., Limited
C	10B5	SpartanLync Technologies Corp.
C	10B6	SHENZHEN CHINA MICRO SEMICON CO.,LIMITED
C	10B7	Fosilicon Co., Ltd
C	10B8	Palarum LLC
C	10B9	CYNC Labs, Inc.
C	10BA	Noble HiFi, LLC
C	10BB	VERGESENSE INC
C	10BC	Harley-Davidson Motor Company
C	10BD	Variowell Development GmbH
C	10BE	UNIVERSAL REMOTE CONTROL, INC.
C	10BF	All Inspire Health, Inc.
C	10C0	Minda Corporation Ltd
C	10C1	Shenzhen ECO-NEWLEAF CO., LTD
C	10C2	SainStore Technology Co., Ltd.
C	10C3	TECH FASS s.r.o.
C	10C4	OPICA GmbH
C	10C5	Cardinal Scale Mfg
C	10C6	Piscisea Tech Inc
C	10C7	CHIYODA TECHNOL CORPORATION
C	10C8	mylife Diabetes Care AG
C	10C9	Tractian Technologies Inc.
C	10CA	FairPhone B.V
C	10CB	The90, Inc.
C	10CC	Linde GmbH
C	10CD	Kumho Tire
C	10CE	Inito Health Inc.
C	10CF	Tempur World, LLC
C	10D0	Band24, LLC
C	10D1	Acer Inc.
C	10D2	Hehku Company Oy
C	10D3	AGCO Corporation
C	10D4	Victor Hasselblad AB
C	10D5	IntelliDesign Pty Ltd
C	10D6	UltronSMART Inc.
C	10D7	Arashi Vision Inc.
C	10D8	Westfalen Aktiengesellschaft
C	10D9	Liebherr-Hausgeraete GmbH
C	10DA	SKAIChips Co.,Ltd
C	10DB	SZ Avinox Innovation Co., Ltd.
C	10DC	Spectra Precision (Kaiserslautern) GmbH
C	10DD	Triumph Designs Ltd
C	10DE	Gastron Co.,Ltd
C	10DF	Hawkeye Surgical Lighting LLC
C	10E0	Arnold & Richter Cine Technik GmbH & Co. Betriebs KG
C	10E1	Neurable, Inc
C	10E2	CAREHAWK INC.
C	10E3	Vybe Audio LLC
C	10E4	Smart Technologies ULC
C	10E5	Durin, inc.
C	10E6	KWANG YANG MOTOR CO., LTD.
C	10E7	Placenet Internet of Places S.L.
C	10E8	Liontron GmbH & Co. KG
C	10E9	Hankook Tire & Technology Co., Ltd.
C	10EA	Guangdong Youhong Medical Technology Co.,Ltd
C	10EB	Fontaine Fifth Wheel Company
C	10EC	ZELP LTD
C	10ED	BRITA SE
C	10EE	Shanghai XYLink Limited Corporation
C	10EF	Keto-Check Inc.
C	10F0	RFID N PRINT PTY LTD
C	10F1	Ralston Instruments, LLC
C	10F2	CHIGEE TECHNOLOGY CO., LTD.
C	10F3	EURODIMA GmbH & CoKG
C	10F4	SUPERARK LTD
C	10F5	Shenzhen DeepX Technology Co., Ltd.
C	10F6	Pressure Systems International, Inc.
C	10F7	HEX INNOVATE (UK) LIMITED
C	10F8	IONLINE INTERNET SERVICE PROVIDER
C	10F9	Even Realities Ltd.
C	10FA	QPlay Ltd
C	10FB	Hydratune Australia Pty Ltd
C	10FC	CITECH CO.,LTD.
C	10FD	Neurabody Inc.
C	10FE	Daisen Electronic Industrial Co., Ltd.
C	10FF	Sonus Faber spa
C	1100	miThings
C	1101	Nearfaces UG (haftungsbeschränkt)
C	1102	Temple Private Limited
C	1103	BRISANT SECURE LTD
C	1104	Daiichi Elektronik Sanayi ve Ticaret. A.S.
C	1105	Cirrus Design Corporation
C	1106	Flicfit inc.
C	1107	Optrel AG
C	1108	BEMER Int. AG
C	1109	Hamodaz Corporation
C	110A	OnRace Motorsports
C	110B	SIGMA CORPORATION
C	110C	rescuetrack GmbH
C	110D	ARETA AI INC.
C	110E	Gigawit Electronics LTD
C	110F	Nylint, LLC
C	1110	Hamaton Inc.,
C	1111	RAPSODO PTE. LTD.
C	1112	JustTec GmbH
C	1113	ONXMAPS, INC
C	1114	Metabowerke GmbH
C	1115	Thermia Aktiebolag
C	1116	ALLRA LIMITED
C	1117	Tive, Inc.
C	1118	Villeroy & Boch AG
C	1119	TSUKURUBAI, LIMITED LIABILITY COMPANY
C	111A	BOKE Drivers Co., Ltd.
C	111B	DIGITANIMAL S.L.
C	111C	Techavtomatica
C	111D	Commodore International Corporation
C	111E	DS TAGS Group B.V.
C	111F	iAppliance Inc.
C	1120	PI-CRYSTAL INC.
C	1121	ennos ag
C	1122	FUSE BLUEJAY LIMITED
C	1123	Hudl, Inc.
C	1124	DOLLAR JUDGE INC
S	1800	GAP
S	1801	GATT
S	1802	Immediate Alert
S	1803	Link Loss
S	1804	Tx Power
S	1805	Current Time
S	1806	Reference Time Update
S	1807	Next DST Change
S	1808	Glucose
S	1809	Health Thermometer
S	180A	Device Information
S	180D	Heart Rate
S	180E	Phone Alert Status
S	180F	Battery
S	1810	Blood Pressure
S	1811	Alert Notification
S	1812	Human Interface Device
S	1813	Scan Parameters
S	1814	Running Speed and Cadence
S	1815	Automation IO
S	1816	Cycling Speed and Cadence
S	1818	Cycling Power
S	1819	Location and Navigation
S	181A	Environmental Sensing
S	181B	Body Composition
S	181C	User Data
S	181D	Weight Scale
S	181E	Bond Management
S	181F	Continuous Glucose Monitoring
S	1820	Internet Protocol Support
S	1821	Indoor Positioning
S	1822	Pulse Oximeter
S	1823	HTTP Proxy
S	1824	Transport Discovery
S	1825	Object Transfer
S	1826	Fitness Machine
S	1827	Mesh Provisioning
S	1828	Mesh Proxy
S	1829	Reconnection Configuration
S	183A	Insulin Delivery
S	183B	Binary Sensor
S	183C	Emergency Configuration
S	183D	Authorization Control
S	183E	Physical Activity Monitor
S	183F	Elapsed Time
S	1840	Generic Health Sensor
S	1843	Audio Input Control
S	1844	Volume Control
S	1845	Volume Offset Control
S	1846	Coordinated Set Identification
S	1847	Device Time
S	1848	Media Control
S	1849	Generic Media Control
S	184A	Constant Tone Extension
S	184B	Telephone Bearer
S	184C	Generic Telephone Bearer
S	184D	Microphone Control
S	184E	Audio Stream Control
S	184F	Broadcast Audio Scan
S	1850	Published Audio Capabilities
S	1851	Basic Audio Announcement
S	1852	Broadcast Audio Announcement
S	1853	Common Audio
S	1854	Hearing Access
S	1855	Telephony and Media Audio
S	1856	Public Broadcast Announcement
S	1857	Electronic Shelf Label
S	1858	Gaming Audio
S	1859	Mesh Proxy Solicitation
S	185A	Industrial Measurement Device
S	185B	Ranging
S	185C	HID ISO
S	185D	Cookware
S	185E	Voice Assistant
S	185F	Generic Voice Assistant
S	1860	Tire Pressure Monitoring System
